junction,period_date,actual_risk,predicted_risk,risk_score,is_error,is_dangerous_underprediction,probabilities,accidents_lag_1,accidents_rolling_mean_3
Airport Square,2025-01-01,LOW,LOW,0.82,False,False,"{""LOW"": 0.9765, ""MEDIUM"": 0.0235, ""HIGH"": 0.0, ""CRITICAL"": 0.0}",0.0,0.0
Airport Square,2025-02-01,LOW,LOW,0.0,False,False,"{""LOW"": 1.0, ""MEDIUM"": 0.0, ""HIGH"": 0.0, ""CRITICAL"": 0.0}",0.0,0.0
Airport Square,2025-03-01,LOW,LOW,0.93,False,False,"{""LOW"": 0.9867, ""MEDIUM"": 0.0, ""HIGH"": 0.0133, ""CRITICAL"": 0.0}",2.0,1.0
Airport Square,2025-04-01,LOW,LOW,0.0,False,False,"{""LOW"": 1.0, ""MEDIUM"": 0.0, ""HIGH"": 0.0, ""CRITICAL"": 0.0}",0.0,0.667
Airport Square,2025-05-01,LOW,LOW,0.0,False,False,"{""LOW"": 1.0, ""MEDIUM"": 0.0, ""HIGH"": 0.0, ""CRITICAL"": 0.0}",2.0,1.333
Airport Square,2025-06-01,LOW,LOW,0.0,False,False,"{""LOW"": 1.0, ""MEDIUM"": 0.0, ""HIGH"": 0.0, ""CRITICAL"": 0.0}",0.0,0.667
Airport Square,2025-07-01,LOW,LOW,0.0,False,False,"{""LOW"": 1.0, ""MEDIUM"": 0.0, ""HIGH"": 0.0, ""CRITICAL"": 0.0}",1.0,1.0
Airport Square,2025-08-01,LOW,LOW,0.0,False,False,"{""LOW"": 1.0, ""MEDIUM"": 0.0, ""HIGH"": 0.0, ""CRITICAL"": 0.0}",2.0,1.0
Airport Square,2025-09-01,LOW,LOW,0.45,False,False,"{""LOW"": 0.9935, ""MEDIUM"": 0.0, ""HIGH"": 0.0065, ""CRITICAL"": 0.0}",2.0,1.667
Airport Square,2025-10-01,LOW,LOW,0.0,False,False,"{""LOW"": 1.0, ""MEDIUM"": 0.0, ""HIGH"": 0.0, ""CRITICAL"": 0.0}",1.0,1.667
Airport Square,2025-11-01,LOW,LOW,0.0,False,False,"{""LOW"": 1.0, ""MEDIUM"": 0.0, ""HIGH"": 0.0, ""CRITICAL"": 0.0}",2.0,1.667
Airport Square,2025-12-01,LOW,LOW,0.0,False,False,"{""LOW"": 1.0, ""MEDIUM"": 0.0, ""HIGH"": 0.0, ""CRITICAL"": 0.0}",0.0,1.0
Automotive Square,2025-01-01,LOW,LOW,0.87,False,False,"{""LOW"": 0.9752, ""MEDIUM"": 0.0248, ""HIGH"": 0.0, ""CRITICAL"": 0.0}",0.0,0.0
Automotive Square,2025-02-01,LOW,LOW,0.87,False,False,"{""LOW"": 0.9752, ""MEDIUM"": 0.0248, ""HIGH"": 0.0, ""CRITICAL"": 0.0}",2.0,2.0
Automotive Square,2025-03-01,LOW,LOW,0.93,False,False,"{""LOW"": 0.9867, ""MEDIUM"": 0.0, ""HIGH"": 0.0133, ""CRITICAL"": 0.0}",0.0,1.0
Automotive Square,2025-04-01,LOW,LOW,0.0,False,False,"{""LOW"": 1.0, ""MEDIUM"": 0.0, ""HIGH"": 0.0, ""CRITICAL"": 0.0}",0.0,0.667
Automotive Square,2025-05-01,LOW,LOW,0.0,False,False,"{""LOW"": 1.0, ""MEDIUM"": 0.0, ""HIGH"": 0.0, ""CRITICAL"": 0.0}",0.0,0.0
Automotive Square,2025-06-01,LOW,LOW,0.0,False,False,"{""LOW"": 1.0, ""MEDIUM"": 0.0, ""HIGH"": 0.0, ""CRITICAL"": 0.0}",2.0,0.667
Automotive Square,2025-07-01,LOW,LOW,0.0,False,False,"{""LOW"": 1.0, ""MEDIUM"": 0.0, ""HIGH"": 0.0, ""CRITICAL"": 0.0}",1.0,1.0
Automotive Square,2025-08-01,LOW,LOW,1.47,False,False,"{""LOW"": 0.9626, ""MEDIUM"": 0.0329, ""HIGH"": 0.0046, ""CRITICAL"": 0.0}",2.0,1.667
Automotive Square,2025-09-01,LOW,LOW,4.12,False,False,"{""LOW"": 0.9005, ""MEDIUM"": 0.0814, ""HIGH"": 0.0181, ""CRITICAL"": 0.0}",2.0,1.667
Automotive Square,2025-10-01,LOW,LOW,3.06,False,False,"{""LOW"": 0.9179, ""MEDIUM"": 0.0767, ""HIGH"": 0.0053, ""CRITICAL"": 0.0}",4.0,2.667
Automotive Square,2025-11-01,LOW,LOW,3.32,False,False,"{""LOW"": 0.9104, ""MEDIUM"": 0.0842, ""HIGH"": 0.0053, ""CRITICAL"": 0.0}",3.0,3.0
Automotive Square,2025-12-01,LOW,LOW,1.32,False,False,"{""LOW"": 0.9676, ""MEDIUM"": 0.0271, ""HIGH"": 0.0053, ""CRITICAL"": 0.0}",2.0,3.0
Bhande Plot Square,2025-01-01,LOW,LOW,0.0,False,False,"{""LOW"": 1.0, ""MEDIUM"": 0.0, ""HIGH"": 0.0, ""CRITICAL"": 0.0}",0.0,0.0
Bhande Plot Square,2025-02-01,LOW,LOW,0.0,False,False,"{""LOW"": 1.0, ""MEDIUM"": 0.0, ""HIGH"": 0.0, ""CRITICAL"": 0.0}",0.0,0.0
Bhande Plot Square,2025-03-01,LOW,LOW,0.0,False,False,"{""LOW"": 1.0, ""MEDIUM"": 0.0, ""HIGH"": 0.0, ""CRITICAL"": 0.0}",0.0,0.0
Bhande Plot Square,2025-04-01,LOW,LOW,0.0,False,False,"{""LOW"": 1.0, ""MEDIUM"": 0.0, ""HIGH"": 0.0, ""CRITICAL"": 0.0}",0.0,0.0
Bhande Plot Square,2025-05-01,LOW,LOW,0.0,False,False,"{""LOW"": 1.0, ""MEDIUM"": 0.0, ""HIGH"": 0.0, ""CRITICAL"": 0.0}",0.0,0.0
Bhande Plot Square,2025-06-01,LOW,LOW,0.0,False,False,"{""LOW"": 1.0, ""MEDIUM"": 0.0, ""HIGH"": 0.0, ""CRITICAL"": 0.0}",0.0,0.0
Bhande Plot Square,2025-07-01,LOW,LOW,0.0,False,False,"{""LOW"": 1.0, ""MEDIUM"": 0.0, ""HIGH"": 0.0, ""CRITICAL"": 0.0}",0.0,0.0
Bhande Plot Square,2025-08-01,LOW,LOW,0.0,False,False,"{""LOW"": 1.0, ""MEDIUM"": 0.0, ""HIGH"": 0.0, ""CRITICAL"": 0.0}",0.0,0.0
Bhande Plot Square,2025-09-01,LOW,LOW,0.0,False,False,"{""LOW"": 1.0, ""MEDIUM"": 0.0, ""HIGH"": 0.0, ""CRITICAL"": 0.0}",0.0,0.0
Bhande Plot Square,2025-10-01,LOW,LOW,0.0,False,False,"{""LOW"": 1.0, ""MEDIUM"": 0.0, ""HIGH"": 0.0, ""CRITICAL"": 0.0}",0.0,0.0
Bhande Plot Square,2025-11-01,LOW,LOW,0.0,False,False,"{""LOW"": 1.0, ""MEDIUM"": 0.0, ""HIGH"": 0.0, ""CRITICAL"": 0.0}",0.0,0.0
Bhande Plot Square,2025-12-01,LOW,LOW,0.0,False,False,"{""LOW"": 1.0, ""MEDIUM"": 0.0, ""HIGH"": 0.0, ""CRITICAL"": 0.0}",0.0,0.0
Chhatrapati Square,2025-01-01,LOW,LOW,1.52,False,False,"{""LOW"": 0.9566, ""MEDIUM"": 0.0434, ""HIGH"": 0.0, ""CRITICAL"": 0.0}",0.0,0.0
Chhatrapati Square,2025-02-01,LOW,LOW,0.65,False,False,"{""LOW"": 0.9815, ""MEDIUM"": 0.0185, ""HIGH"": 0.0, ""CRITICAL"": 0.0}",1.0,1.0
Chhatrapati Square,2025-03-01,LOW,LOW,0.44,False,False,"{""LOW"": 0.9875, ""MEDIUM"": 0.0125, ""HIGH"": 0.0, ""CRITICAL"": 0.0}",1.0,1.0
Chhatrapati Square,2025-04-01,LOW,LOW,0.0,False,False,"{""LOW"": 1.0, ""MEDIUM"": 0.0, ""HIGH"": 0.0, ""CRITICAL"": 0.0}",0.0,0.667
Chhatrapati Square,2025-05-01,LOW,LOW,15.55,False,False,"{""LOW"": 0.5802, ""MEDIUM"": 0.3952, ""HIGH"": 0.0246, ""CRITICAL"": 0.0}",0.0,0.333
Chhatrapati Square,2025-06-01,LOW,LOW,3.66,False,False,"{""LOW"": 0.9012, ""MEDIUM"": 0.0931, ""HIGH"": 0.0057, ""CRITICAL"": 0.0}",2.0,0.667
Chhatrapati Square,2025-07-01,LOW,LOW,3.92,False,False,"{""LOW"": 0.9002, ""MEDIUM"": 0.0876, ""HIGH"": 0.0122, ""CRITICAL"": 0.0}",6.0,2.667
Chhatrapati Square,2025-08-01,LOW,LOW,4.57,False,False,"{""LOW"": 0.8793, ""MEDIUM"": 0.1109, ""HIGH"": 0.0098, ""CRITICAL"": 0.0}",1.0,3.0
Chhatrapati Square,2025-09-01,LOW,LOW,5.68,False,False,"{""LOW"": 0.8737, ""MEDIUM"": 0.0902, ""HIGH"": 0.0361, ""CRITICAL"": 0.0}",2.0,3.0
Chhatrapati Square,2025-10-01,LOW,LOW,3.5,False,False,"{""LOW"": 0.9052, ""MEDIUM"": 0.0895, ""HIGH"": 0.0053, ""CRITICAL"": 0.0}",4.0,2.333
Chhatrapati Square,2025-11-01,LOW,LOW,4.88,False,False,"{""LOW"": 0.8659, ""MEDIUM"": 0.1287, ""HIGH"": 0.0053, ""CRITICAL"": 0.0}",1.0,2.333
Chhatrapati Square,2025-12-01,LOW,LOW,3.99,False,False,"{""LOW"": 0.8914, ""MEDIUM"": 0.1033, ""HIGH"": 0.0053, ""CRITICAL"": 0.0}",3.0,2.667
Deo Nagar Chowk,2025-01-01,LOW,LOW,0.0,False,False,"{""LOW"": 1.0, ""MEDIUM"": 0.0, ""HIGH"": 0.0, ""CRITICAL"": 0.0}",0.0,0.0
Deo Nagar Chowk,2025-02-01,LOW,LOW,0.0,False,False,"{""LOW"": 1.0, ""MEDIUM"": 0.0, ""HIGH"": 0.0, ""CRITICAL"": 0.0}",0.0,0.0
Deo Nagar Chowk,2025-03-01,LOW,LOW,0.0,False,False,"{""LOW"": 1.0, ""MEDIUM"": 0.0, ""HIGH"": 0.0, ""CRITICAL"": 0.0}",0.0,0.0
Deo Nagar Chowk,2025-04-01,LOW,LOW,0.0,False,False,"{""LOW"": 1.0, ""MEDIUM"": 0.0, ""HIGH"": 0.0, ""CRITICAL"": 0.0}",0.0,0.0
Deo Nagar Chowk,2025-05-01,LOW,LOW,0.0,False,False,"{""LOW"": 1.0, ""MEDIUM"": 0.0, ""HIGH"": 0.0, ""CRITICAL"": 0.0}",0.0,0.0
Deo Nagar Chowk,2025-06-01,LOW,LOW,0.0,False,False,"{""LOW"": 1.0, ""MEDIUM"": 0.0, ""HIGH"": 0.0, ""CRITICAL"": 0.0}",0.0,0.0
Deo Nagar Chowk,2025-07-01,LOW,LOW,0.0,False,False,"{""LOW"": 1.0, ""MEDIUM"": 0.0, ""HIGH"": 0.0, ""CRITICAL"": 0.0}",0.0,0.0
Deo Nagar Chowk,2025-08-01,LOW,LOW,0.0,False,False,"{""LOW"": 1.0, ""MEDIUM"": 0.0, ""HIGH"": 0.0, ""CRITICAL"": 0.0}",0.0,0.0
Deo Nagar Chowk,2025-09-01,LOW,LOW,0.0,False,False,"{""LOW"": 1.0, ""MEDIUM"": 0.0, ""HIGH"": 0.0, ""CRITICAL"": 0.0}",0.0,0.0
Deo Nagar Chowk,2025-10-01,LOW,LOW,0.0,False,False,"{""LOW"": 1.0, ""MEDIUM"": 0.0, ""HIGH"": 0.0, ""CRITICAL"": 0.0}",0.0,0.0
Deo Nagar Chowk,2025-11-01,LOW,LOW,0.0,False,False,"{""LOW"": 1.0, ""MEDIUM"": 0.0, ""HIGH"": 0.0, ""CRITICAL"": 0.0}",0.0,0.0
Deo Nagar Chowk,2025-12-01,LOW,LOW,0.0,False,False,"{""LOW"": 1.0, ""MEDIUM"": 0.0, ""HIGH"": 0.0, ""CRITICAL"": 0.0}",0.0,0.0
Dharampeth Tower,2025-01-01,LOW,LOW,0.0,False,False,"{""LOW"": 1.0, ""MEDIUM"": 0.0, ""HIGH"": 0.0, ""CRITICAL"": 0.0}",0.0,0.0
Dharampeth Tower,2025-02-01,LOW,LOW,0.0,False,False,"{""LOW"": 1.0, ""MEDIUM"": 0.0, ""HIGH"": 0.0, ""CRITICAL"": 0.0}",0.0,0.0
Dharampeth Tower,2025-03-01,LOW,LOW,0.0,False,False,"{""LOW"": 1.0, ""MEDIUM"": 0.0, ""HIGH"": 0.0, ""CRITICAL"": 0.0}",0.0,0.0
Dharampeth Tower,2025-04-01,LOW,LOW,0.0,False,False,"{""LOW"": 1.0, ""MEDIUM"": 0.0, ""HIGH"": 0.0, ""CRITICAL"": 0.0}",0.0,0.0
Dharampeth Tower,2025-05-01,LOW,LOW,0.0,False,False,"{""LOW"": 1.0, ""MEDIUM"": 0.0, ""HIGH"": 0.0, ""CRITICAL"": 0.0}",0.0,0.0
Dharampeth Tower,2025-06-01,LOW,LOW,0.0,False,False,"{""LOW"": 1.0, ""MEDIUM"": 0.0, ""HIGH"": 0.0, ""CRITICAL"": 0.0}",0.0,0.0
Dharampeth Tower,2025-07-01,LOW,LOW,0.0,False,False,"{""LOW"": 1.0, ""MEDIUM"": 0.0, ""HIGH"": 0.0, ""CRITICAL"": 0.0}",0.0,0.0
Dharampeth Tower,2025-08-01,LOW,LOW,0.0,False,False,"{""LOW"": 1.0, ""MEDIUM"": 0.0, ""HIGH"": 0.0, ""CRITICAL"": 0.0}",0.0,0.0
Dharampeth Tower,2025-09-01,LOW,LOW,0.0,False,False,"{""LOW"": 1.0, ""MEDIUM"": 0.0, ""HIGH"": 0.0, ""CRITICAL"": 0.0}",0.0,0.0
Dharampeth Tower,2025-10-01,LOW,LOW,0.0,False,False,"{""LOW"": 1.0, ""MEDIUM"": 0.0, ""HIGH"": 0.0, ""CRITICAL"": 0.0}",0.0,0.0
Dharampeth Tower,2025-11-01,LOW,LOW,0.0,False,False,"{""LOW"": 1.0, ""MEDIUM"": 0.0, ""HIGH"": 0.0, ""CRITICAL"": 0.0}",0.0,0.0
Dharampeth Tower,2025-12-01,LOW,LOW,0.0,False,False,"{""LOW"": 1.0, ""MEDIUM"": 0.0, ""HIGH"": 0.0, ""CRITICAL"": 0.0}",0.0,0.0
Gokulpeth Market,2025-01-01,LOW,LOW,0.0,False,False,"{""LOW"": 1.0, ""MEDIUM"": 0.0, ""HIGH"": 0.0, ""CRITICAL"": 0.0}",0.0,0.0
Gokulpeth Market,2025-02-01,LOW,LOW,0.0,False,False,"{""LOW"": 1.0, ""MEDIUM"": 0.0, ""HIGH"": 0.0, ""CRITICAL"": 0.0}",0.0,0.0
Gokulpeth Market,2025-03-01,LOW,LOW,0.0,False,False,"{""LOW"": 1.0, ""MEDIUM"": 0.0, ""HIGH"": 0.0, ""CRITICAL"": 0.0}",0.0,0.0
Gokulpeth Market,2025-04-01,LOW,LOW,0.0,False,False,"{""LOW"": 1.0, ""MEDIUM"": 0.0, ""HIGH"": 0.0, ""CRITICAL"": 0.0}",0.0,0.0
Gokulpeth Market,2025-05-01,LOW,LOW,0.0,False,False,"{""LOW"": 1.0, ""MEDIUM"": 0.0, ""HIGH"": 0.0, ""CRITICAL"": 0.0}",0.0,0.0
Gokulpeth Market,2025-06-01,LOW,LOW,0.0,False,False,"{""LOW"": 1.0, ""MEDIUM"": 0.0, ""HIGH"": 0.0, ""CRITICAL"": 0.0}",0.0,0.0
Gokulpeth Market,2025-07-01,LOW,LOW,0.0,False,False,"{""LOW"": 1.0, ""MEDIUM"": 0.0, ""HIGH"": 0.0, ""CRITICAL"": 0.0}",0.0,0.0
Gokulpeth Market,2025-08-01,LOW,LOW,0.0,False,False,"{""LOW"": 1.0, ""MEDIUM"": 0.0, ""HIGH"": 0.0, ""CRITICAL"": 0.0}",0.0,0.0
Gokulpeth Market,2025-09-01,LOW,LOW,0.0,False,False,"{""LOW"": 1.0, ""MEDIUM"": 0.0, ""HIGH"": 0.0, ""CRITICAL"": 0.0}",0.0,0.0
Gokulpeth Market,2025-10-01,LOW,LOW,0.0,False,False,"{""LOW"": 1.0, ""MEDIUM"": 0.0, ""HIGH"": 0.0, ""CRITICAL"": 0.0}",0.0,0.0
Gokulpeth Market,2025-11-01,LOW,LOW,0.0,False,False,"{""LOW"": 1.0, ""MEDIUM"": 0.0, ""HIGH"": 0.0, ""CRITICAL"": 0.0}",0.0,0.0
Gokulpeth Market,2025-12-01,LOW,LOW,0.0,False,False,"{""LOW"": 1.0, ""MEDIUM"": 0.0, ""HIGH"": 0.0, ""CRITICAL"": 0.0}",0.0,0.0
HB Town Square,2025-01-01,LOW,LOW,0.0,False,False,"{""LOW"": 1.0, ""MEDIUM"": 0.0, ""HIGH"": 0.0, ""CRITICAL"": 0.0}",0.0,0.0
HB Town Square,2025-02-01,LOW,LOW,0.0,False,False,"{""LOW"": 1.0, ""MEDIUM"": 0.0, ""HIGH"": 0.0, ""CRITICAL"": 0.0}",0.0,0.0
HB Town Square,2025-03-01,LOW,LOW,0.0,False,False,"{""LOW"": 1.0, ""MEDIUM"": 0.0, ""HIGH"": 0.0, ""CRITICAL"": 0.0}",0.0,0.0
HB Town Square,2025-04-01,LOW,LOW,0.0,False,False,"{""LOW"": 1.0, ""MEDIUM"": 0.0, ""HIGH"": 0.0, ""CRITICAL"": 0.0}",0.0,0.0
HB Town Square,2025-05-01,LOW,LOW,0.0,False,False,"{""LOW"": 1.0, ""MEDIUM"": 0.0, ""HIGH"": 0.0, ""CRITICAL"": 0.0}",0.0,0.0
HB Town Square,2025-06-01,LOW,LOW,0.0,False,False,"{""LOW"": 1.0, ""MEDIUM"": 0.0, ""HIGH"": 0.0, ""CRITICAL"": 0.0}",0.0,0.0
HB Town Square,2025-07-01,LOW,LOW,0.0,False,False,"{""LOW"": 1.0, ""MEDIUM"": 0.0, ""HIGH"": 0.0, ""CRITICAL"": 0.0}",0.0,0.0
HB Town Square,2025-08-01,LOW,LOW,0.0,False,False,"{""LOW"": 1.0, ""MEDIUM"": 0.0, ""HIGH"": 0.0, ""CRITICAL"": 0.0}",0.0,0.0
HB Town Square,2025-09-01,LOW,LOW,0.0,False,False,"{""LOW"": 1.0, ""MEDIUM"": 0.0, ""HIGH"": 0.0, ""CRITICAL"": 0.0}",0.0,0.0
HB Town Square,2025-10-01,LOW,LOW,0.0,False,False,"{""LOW"": 1.0, ""MEDIUM"": 0.0, ""HIGH"": 0.0, ""CRITICAL"": 0.0}",0.0,0.0
HB Town Square,2025-11-01,LOW,LOW,0.0,False,False,"{""LOW"": 1.0, ""MEDIUM"": 0.0, ""HIGH"": 0.0, ""CRITICAL"": 0.0}",0.0,0.0
HB Town Square,2025-12-01,LOW,LOW,0.0,False,False,"{""LOW"": 1.0, ""MEDIUM"": 0.0, ""HIGH"": 0.0, ""CRITICAL"": 0.0}",0.0,0.0
IT Park Ring Road,2025-01-01,LOW,LOW,0.0,False,False,"{""LOW"": 1.0, ""MEDIUM"": 0.0, ""HIGH"": 0.0, ""CRITICAL"": 0.0}",0.0,0.0
IT Park Ring Road,2025-02-01,LOW,LOW,0.0,False,False,"{""LOW"": 1.0, ""MEDIUM"": 0.0, ""HIGH"": 0.0, ""CRITICAL"": 0.0}",0.0,0.0
IT Park Ring Road,2025-03-01,LOW,LOW,0.0,False,False,"{""LOW"": 1.0, ""MEDIUM"": 0.0, ""HIGH"": 0.0, ""CRITICAL"": 0.0}",0.0,0.0
IT Park Ring Road,2025-04-01,LOW,LOW,0.0,False,False,"{""LOW"": 1.0, ""MEDIUM"": 0.0, ""HIGH"": 0.0, ""CRITICAL"": 0.0}",0.0,0.0
IT Park Ring Road,2025-05-01,LOW,LOW,0.0,False,False,"{""LOW"": 1.0, ""MEDIUM"": 0.0, ""HIGH"": 0.0, ""CRITICAL"": 0.0}",0.0,0.0
IT Park Ring Road,2025-06-01,LOW,LOW,0.0,False,False,"{""LOW"": 1.0, ""MEDIUM"": 0.0, ""HIGH"": 0.0, ""CRITICAL"": 0.0}",0.0,0.0
IT Park Ring Road,2025-07-01,LOW,LOW,0.0,False,False,"{""LOW"": 1.0, ""MEDIUM"": 0.0, ""HIGH"": 0.0, ""CRITICAL"": 0.0}",0.0,0.0
IT Park Ring Road,2025-08-01,LOW,LOW,0.0,False,False,"{""LOW"": 1.0, ""MEDIUM"": 0.0, ""HIGH"": 0.0, ""CRITICAL"": 0.0}",0.0,0.0
IT Park Ring Road,2025-09-01,LOW,LOW,0.0,False,False,"{""LOW"": 1.0, ""MEDIUM"": 0.0, ""HIGH"": 0.0, ""CRITICAL"": 0.0}",0.0,0.0
IT Park Ring Road,2025-10-01,LOW,LOW,0.0,False,False,"{""LOW"": 1.0, ""MEDIUM"": 0.0, ""HIGH"": 0.0, ""CRITICAL"": 0.0}",0.0,0.0
IT Park Ring Road,2025-11-01,LOW,LOW,0.0,False,False,"{""LOW"": 1.0, ""MEDIUM"": 0.0, ""HIGH"": 0.0, ""CRITICAL"": 0.0}",0.0,0.0
IT Park Ring Road,2025-12-01,LOW,LOW,0.0,False,False,"{""LOW"": 1.0, ""MEDIUM"": 0.0, ""HIGH"": 0.0, ""CRITICAL"": 0.0}",0.0,0.0
Itwari Railway Station Square,2025-01-01,LOW,LOW,1.04,False,False,"{""LOW"": 0.9702, ""MEDIUM"": 0.0298, ""HIGH"": 0.0, ""CRITICAL"": 0.0}",0.0,0.0
Itwari Railway Station Square,2025-02-01,LOW,LOW,0.21,False,False,"{""LOW"": 0.994, ""MEDIUM"": 0.006, ""HIGH"": 0.0, ""CRITICAL"": 0.0}",0.0,0.0
Itwari Railway Station Square,2025-03-01,LOW,LOW,0.22,False,False,"{""LOW"": 0.9938, ""MEDIUM"": 0.0062, ""HIGH"": 0.0, ""CRITICAL"": 0.0}",1.0,0.5
Itwari Railway Station Square,2025-04-01,LOW,LOW,0.43,False,False,"{""LOW"": 0.9878, ""MEDIUM"": 0.0122, ""HIGH"": 0.0, ""CRITICAL"": 0.0}",0.0,0.333
Itwari Railway Station Square,2025-05-01,LOW,LOW,0.19,False,False,"{""LOW"": 0.9945, ""MEDIUM"": 0.0055, ""HIGH"": 0.0, ""CRITICAL"": 0.0}",3.0,1.333
Itwari Railway Station Square,2025-06-01,LOW,LOW,0.22,False,False,"{""LOW"": 0.9937, ""MEDIUM"": 0.0063, ""HIGH"": 0.0, ""CRITICAL"": 0.0}",1.0,1.333
Itwari Railway Station Square,2025-07-01,LOW,LOW,0.21,False,False,"{""LOW"": 0.9939, ""MEDIUM"": 0.0061, ""HIGH"": 0.0, ""CRITICAL"": 0.0}",2.0,2.0
Itwari Railway Station Square,2025-08-01,LOW,LOW,0.22,False,False,"{""LOW"": 0.9938, ""MEDIUM"": 0.0062, ""HIGH"": 0.0, ""CRITICAL"": 0.0}",0.0,1.0
Itwari Railway Station Square,2025-09-01,LOW,LOW,1.11,False,False,"{""LOW"": 0.9746, ""MEDIUM"": 0.0191, ""HIGH"": 0.0063, ""CRITICAL"": 0.0}",1.0,1.0
Itwari Railway Station Square,2025-10-01,LOW,LOW,1.1,False,False,"{""LOW"": 0.9685, ""MEDIUM"": 0.0315, ""HIGH"": 0.0, ""CRITICAL"": 0.0}",3.0,1.333
Itwari Railway Station Square,2025-11-01,LOW,LOW,0.66,False,False,"{""LOW"": 0.9812, ""MEDIUM"": 0.0188, ""HIGH"": 0.0, ""CRITICAL"": 0.0}",0.0,1.333
Itwari Railway Station Square,2025-12-01,LOW,LOW,0.45,False,False,"{""LOW"": 0.9872, ""MEDIUM"": 0.0128, ""HIGH"": 0.0, ""CRITICAL"": 0.0}",3.0,2.0
Japanese Garden Square,2025-01-01,LOW,LOW,0.0,False,False,"{""LOW"": 1.0, ""MEDIUM"": 0.0, ""HIGH"": 0.0, ""CRITICAL"": 0.0}",0.0,0.0
Japanese Garden Square,2025-02-01,LOW,LOW,0.0,False,False,"{""LOW"": 1.0, ""MEDIUM"": 0.0, ""HIGH"": 0.0, ""CRITICAL"": 0.0}",0.0,0.0
Japanese Garden Square,2025-03-01,LOW,LOW,0.0,False,False,"{""LOW"": 1.0, ""MEDIUM"": 0.0, ""HIGH"": 0.0, ""CRITICAL"": 0.0}",0.0,0.0
Japanese Garden Square,2025-04-01,LOW,LOW,0.0,False,False,"{""LOW"": 1.0, ""MEDIUM"": 0.0, ""HIGH"": 0.0, ""CRITICAL"": 0.0}",0.0,0.0
Japanese Garden Square,2025-05-01,LOW,LOW,0.0,False,False,"{""LOW"": 1.0, ""MEDIUM"": 0.0, ""HIGH"": 0.0, ""CRITICAL"": 0.0}",0.0,0.0
Japanese Garden Square,2025-06-01,LOW,LOW,0.0,False,False,"{""LOW"": 1.0, ""MEDIUM"": 0.0, ""HIGH"": 0.0, ""CRITICAL"": 0.0}",0.0,0.0
Japanese Garden Square,2025-07-01,LOW,LOW,0.0,False,False,"{""LOW"": 1.0, ""MEDIUM"": 0.0, ""HIGH"": 0.0, ""CRITICAL"": 0.0}",0.0,0.0
Japanese Garden Square,2025-08-01,LOW,LOW,0.0,False,False,"{""LOW"": 1.0, ""MEDIUM"": 0.0, ""HIGH"": 0.0, ""CRITICAL"": 0.0}",0.0,0.0
Japanese Garden Square,2025-09-01,LOW,LOW,0.0,False,False,"{""LOW"": 1.0, ""MEDIUM"": 0.0, ""HIGH"": 0.0, ""CRITICAL"": 0.0}",0.0,0.0
Japanese Garden Square,2025-10-01,LOW,LOW,0.0,False,False,"{""LOW"": 1.0, ""MEDIUM"": 0.0, ""HIGH"": 0.0, ""CRITICAL"": 0.0}",0.0,0.0
Japanese Garden Square,2025-11-01,LOW,LOW,0.0,False,False,"{""LOW"": 1.0, ""MEDIUM"": 0.0, ""HIGH"": 0.0, ""CRITICAL"": 0.0}",0.0,0.0
Japanese Garden Square,2025-12-01,LOW,LOW,0.0,False,False,"{""LOW"": 1.0, ""MEDIUM"": 0.0, ""HIGH"": 0.0, ""CRITICAL"": 0.0}",0.0,0.0
Jhansi Rani Square,2025-01-01,MEDIUM,MEDIUM,29.54,False,False,"{""LOW"": 0.2379, ""MEDIUM"": 0.6852, ""HIGH"": 0.0706, ""CRITICAL"": 0.0062}",0.0,0.0
Jhansi Rani Square,2025-02-01,MEDIUM,MEDIUM,30.3,False,False,"{""LOW"": 0.2006, ""MEDIUM"": 0.7381, ""HIGH"": 0.0554, ""CRITICAL"": 0.0059}",3.0,3.0
Jhansi Rani Square,2025-03-01,MEDIUM,MEDIUM,44.6,False,False,"{""LOW"": 0.0216, ""MEDIUM"": 0.7015, ""HIGH"": 0.2548, ""CRITICAL"": 0.0221}",13.0,8.0
Jhansi Rani Square,2025-04-01,MEDIUM,MEDIUM,36.32,False,False,"{""LOW"": 0.0353, ""MEDIUM"": 0.8972, ""HIGH"": 0.0612, ""CRITICAL"": 0.0063}",9.0,8.333
Jhansi Rani Square,2025-05-01,LOW,MEDIUM,32.83,True,False,"{""LOW"": 0.1455, ""MEDIUM"": 0.7711, ""HIGH"": 0.0834, ""CRITICAL"": 0.0}",11.0,11.0
Jhansi Rani Square,2025-06-01,LOW,MEDIUM,30.86,True,False,"{""LOW"": 0.1637, ""MEDIUM"": 0.7909, ""HIGH"": 0.0454, ""CRITICAL"": 0.0}",9.0,9.667
Jhansi Rani Square,2025-07-01,MEDIUM,MEDIUM,34.56,False,False,"{""LOW"": 0.0575, ""MEDIUM"": 0.8976, ""HIGH"": 0.0449, ""CRITICAL"": 0.0}",6.0,8.667
Jhansi Rani Square,2025-08-01,LOW,MEDIUM,34.35,True,False,"{""LOW"": 0.094, ""MEDIUM"": 0.8307, ""HIGH"": 0.0753, ""CRITICAL"": 0.0}",5.0,6.667
Jhansi Rani Square,2025-09-01,LOW,MEDIUM,32.31,True,False,"{""LOW"": 0.1748, ""MEDIUM"": 0.7271, ""HIGH"": 0.098, ""CRITICAL"": 0.0}",6.0,5.667
Jhansi Rani Square,2025-10-01,MEDIUM,MEDIUM,42.95,False,False,"{""LOW"": 0.062, ""MEDIUM"": 0.6621, ""HIGH"": 0.2604, ""CRITICAL"": 0.0155}",7.0,6.0
Jhansi Rani Square,2025-11-01,MEDIUM,MEDIUM,31.73,False,False,"{""LOW"": 0.1191, ""MEDIUM"": 0.8553, ""HIGH"": 0.0256, ""CRITICAL"": 0.0}",6.0,6.333
Jhansi Rani Square,2025-12-01,HIGH,MEDIUM,43.44,True,True,"{""LOW"": 0.0663, ""MEDIUM"": 0.6523, ""HIGH"": 0.2512, ""CRITICAL"": 0.0303}",8.0,7.0
KDK College Chowk,2025-01-01,LOW,LOW,0.0,False,False,"{""LOW"": 1.0, ""MEDIUM"": 0.0, ""HIGH"": 0.0, ""CRITICAL"": 0.0}",0.0,0.0
KDK College Chowk,2025-02-01,LOW,LOW,0.0,False,False,"{""LOW"": 1.0, ""MEDIUM"": 0.0, ""HIGH"": 0.0, ""CRITICAL"": 0.0}",0.0,0.0
KDK College Chowk,2025-03-01,LOW,LOW,0.0,False,False,"{""LOW"": 1.0, ""MEDIUM"": 0.0, ""HIGH"": 0.0, ""CRITICAL"": 0.0}",0.0,0.0
KDK College Chowk,2025-04-01,LOW,LOW,0.0,False,False,"{""LOW"": 1.0, ""MEDIUM"": 0.0, ""HIGH"": 0.0, ""CRITICAL"": 0.0}",0.0,0.0
KDK College Chowk,2025-05-01,LOW,LOW,0.0,False,False,"{""LOW"": 1.0, ""MEDIUM"": 0.0, ""HIGH"": 0.0, ""CRITICAL"": 0.0}",0.0,0.0
KDK College Chowk,2025-06-01,LOW,LOW,0.0,False,False,"{""LOW"": 1.0, ""MEDIUM"": 0.0, ""HIGH"": 0.0, ""CRITICAL"": 0.0}",0.0,0.0
KDK College Chowk,2025-07-01,LOW,LOW,0.0,False,False,"{""LOW"": 1.0, ""MEDIUM"": 0.0, ""HIGH"": 0.0, ""CRITICAL"": 0.0}",0.0,0.0
KDK College Chowk,2025-08-01,LOW,LOW,0.0,False,False,"{""LOW"": 1.0, ""MEDIUM"": 0.0, ""HIGH"": 0.0, ""CRITICAL"": 0.0}",0.0,0.0
KDK College Chowk,2025-09-01,LOW,LOW,0.0,False,False,"{""LOW"": 1.0, ""MEDIUM"": 0.0, ""HIGH"": 0.0, ""CRITICAL"": 0.0}",0.0,0.0
KDK College Chowk,2025-10-01,LOW,LOW,0.0,False,False,"{""LOW"": 1.0, ""MEDIUM"": 0.0, ""HIGH"": 0.0, ""CRITICAL"": 0.0}",0.0,0.0
KDK College Chowk,2025-11-01,LOW,LOW,0.0,False,False,"{""LOW"": 1.0, ""MEDIUM"": 0.0, ""HIGH"": 0.0, ""CRITICAL"": 0.0}",0.0,0.0
KDK College Chowk,2025-12-01,LOW,LOW,0.0,False,False,"{""LOW"": 1.0, ""MEDIUM"": 0.0, ""HIGH"": 0.0, ""CRITICAL"": 0.0}",0.0,0.0
Kalamna Market Chowk,2025-01-01,LOW,LOW,0.0,False,False,"{""LOW"": 1.0, ""MEDIUM"": 0.0, ""HIGH"": 0.0, ""CRITICAL"": 0.0}",0.0,0.0
Kalamna Market Chowk,2025-02-01,LOW,LOW,0.0,False,False,"{""LOW"": 1.0, ""MEDIUM"": 0.0, ""HIGH"": 0.0, ""CRITICAL"": 0.0}",0.0,0.0
Kalamna Market Chowk,2025-03-01,LOW,LOW,0.0,False,False,"{""LOW"": 1.0, ""MEDIUM"": 0.0, ""HIGH"": 0.0, ""CRITICAL"": 0.0}",0.0,0.0
Kalamna Market Chowk,2025-04-01,LOW,LOW,0.0,False,False,"{""LOW"": 1.0, ""MEDIUM"": 0.0, ""HIGH"": 0.0, ""CRITICAL"": 0.0}",0.0,0.0
Kalamna Market Chowk,2025-05-01,LOW,LOW,0.0,False,False,"{""LOW"": 1.0, ""MEDIUM"": 0.0, ""HIGH"": 0.0, ""CRITICAL"": 0.0}",0.0,0.0
Kalamna Market Chowk,2025-06-01,LOW,LOW,0.0,False,False,"{""LOW"": 1.0, ""MEDIUM"": 0.0, ""HIGH"": 0.0, ""CRITICAL"": 0.0}",0.0,0.0
Kalamna Market Chowk,2025-07-01,LOW,LOW,0.0,False,False,"{""LOW"": 1.0, ""MEDIUM"": 0.0, ""HIGH"": 0.0, ""CRITICAL"": 0.0}",0.0,0.0
Kalamna Market Chowk,2025-08-01,LOW,LOW,0.0,False,False,"{""LOW"": 1.0, ""MEDIUM"": 0.0, ""HIGH"": 0.0, ""CRITICAL"": 0.0}",0.0,0.0
Kalamna Market Chowk,2025-09-01,LOW,LOW,0.0,False,False,"{""LOW"": 1.0, ""MEDIUM"": 0.0, ""HIGH"": 0.0, ""CRITICAL"": 0.0}",0.0,0.0
Kalamna Market Chowk,2025-10-01,LOW,LOW,0.0,False,False,"{""LOW"": 1.0, ""MEDIUM"": 0.0, ""HIGH"": 0.0, ""CRITICAL"": 0.0}",0.0,0.0
Kalamna Market Chowk,2025-11-01,LOW,LOW,0.0,False,False,"{""LOW"": 1.0, ""MEDIUM"": 0.0, ""HIGH"": 0.0, ""CRITICAL"": 0.0}",0.0,0.0
Kalamna Market Chowk,2025-12-01,LOW,LOW,0.0,False,False,"{""LOW"": 1.0, ""MEDIUM"": 0.0, ""HIGH"": 0.0, ""CRITICAL"": 0.0}",0.0,0.0
Khamla Square,2025-01-01,LOW,LOW,1.07,False,False,"{""LOW"": 0.9693, ""MEDIUM"": 0.0307, ""HIGH"": 0.0, ""CRITICAL"": 0.0}",0.0,0.0
Khamla Square,2025-02-01,LOW,LOW,0.85,False,False,"{""LOW"": 0.9756, ""MEDIUM"": 0.0244, ""HIGH"": 0.0, ""CRITICAL"": 0.0}",1.0,1.0
Khamla Square,2025-03-01,LOW,LOW,0.44,False,False,"{""LOW"": 0.9875, ""MEDIUM"": 0.0125, ""HIGH"": 0.0, ""CRITICAL"": 0.0}",1.0,1.0
Khamla Square,2025-04-01,LOW,LOW,0.44,False,False,"{""LOW"": 0.9875, ""MEDIUM"": 0.0125, ""HIGH"": 0.0, ""CRITICAL"": 0.0}",1.0,1.0
Khamla Square,2025-05-01,LOW,LOW,0.0,False,False,"{""LOW"": 1.0, ""MEDIUM"": 0.0, ""HIGH"": 0.0, ""CRITICAL"": 0.0}",0.0,0.667
Khamla Square,2025-06-01,LOW,LOW,0.0,False,False,"{""LOW"": 1.0, ""MEDIUM"": 0.0, ""HIGH"": 0.0, ""CRITICAL"": 0.0}",0.0,0.333
Khamla Square,2025-07-01,LOW,LOW,0.0,False,False,"{""LOW"": 1.0, ""MEDIUM"": 0.0, ""HIGH"": 0.0, ""CRITICAL"": 0.0}",0.0,0.0
Khamla Square,2025-08-01,LOW,LOW,0.0,False,False,"{""LOW"": 1.0, ""MEDIUM"": 0.0, ""HIGH"": 0.0, ""CRITICAL"": 0.0}",0.0,0.0
Khamla Square,2025-09-01,LOW,LOW,0.66,False,False,"{""LOW"": 0.9812, ""MEDIUM"": 0.0188, ""HIGH"": 0.0, ""CRITICAL"": 0.0}",0.0,0.0
Khamla Square,2025-10-01,LOW,LOW,0.66,False,False,"{""LOW"": 0.9812, ""MEDIUM"": 0.0188, ""HIGH"": 0.0, ""CRITICAL"": 0.0}",1.0,0.333
Khamla Square,2025-11-01,LOW,LOW,0.0,False,False,"{""LOW"": 1.0, ""MEDIUM"": 0.0, ""HIGH"": 0.0, ""CRITICAL"": 0.0}",0.0,0.333
Khamla Square,2025-12-01,LOW,LOW,0.0,False,False,"{""LOW"": 1.0, ""MEDIUM"": 0.0, ""HIGH"": 0.0, ""CRITICAL"": 0.0}",0.0,0.333
Krida Chowk,2025-01-01,LOW,LOW,0.37,False,False,"{""LOW"": 0.9894, ""MEDIUM"": 0.0106, ""HIGH"": 0.0, ""CRITICAL"": 0.0}",0.0,0.0
Krida Chowk,2025-02-01,LOW,LOW,0.0,False,False,"{""LOW"": 1.0, ""MEDIUM"": 0.0, ""HIGH"": 0.0, ""CRITICAL"": 0.0}",0.0,0.0
Krida Chowk,2025-03-01,LOW,LOW,0.0,False,False,"{""LOW"": 1.0, ""MEDIUM"": 0.0, ""HIGH"": 0.0, ""CRITICAL"": 0.0}",0.0,0.0
Krida Chowk,2025-04-01,LOW,LOW,0.0,False,False,"{""LOW"": 1.0, ""MEDIUM"": 0.0, ""HIGH"": 0.0, ""CRITICAL"": 0.0}",0.0,0.0
Krida Chowk,2025-05-01,LOW,LOW,0.0,False,False,"{""LOW"": 1.0, ""MEDIUM"": 0.0, ""HIGH"": 0.0, ""CRITICAL"": 0.0}",0.0,0.0
Krida Chowk,2025-06-01,LOW,LOW,0.0,False,False,"{""LOW"": 1.0, ""MEDIUM"": 0.0, ""HIGH"": 0.0, ""CRITICAL"": 0.0}",0.0,0.0
Krida Chowk,2025-07-01,LOW,LOW,0.0,False,False,"{""LOW"": 1.0, ""MEDIUM"": 0.0, ""HIGH"": 0.0, ""CRITICAL"": 0.0}",0.0,0.0
Krida Chowk,2025-08-01,LOW,LOW,0.0,False,False,"{""LOW"": 1.0, ""MEDIUM"": 0.0, ""HIGH"": 0.0, ""CRITICAL"": 0.0}",0.0,0.0
Krida Chowk,2025-09-01,LOW,LOW,0.0,False,False,"{""LOW"": 1.0, ""MEDIUM"": 0.0, ""HIGH"": 0.0, ""CRITICAL"": 0.0}",0.0,0.0
Krida Chowk,2025-10-01,LOW,LOW,0.2,False,False,"{""LOW"": 0.9944, ""MEDIUM"": 0.0056, ""HIGH"": 0.0, ""CRITICAL"": 0.0}",0.0,0.0
Krida Chowk,2025-11-01,LOW,LOW,0.0,False,False,"{""LOW"": 1.0, ""MEDIUM"": 0.0, ""HIGH"": 0.0, ""CRITICAL"": 0.0}",0.0,0.0
Krida Chowk,2025-12-01,LOW,LOW,0.0,False,False,"{""LOW"": 1.0, ""MEDIUM"": 0.0, ""HIGH"": 0.0, ""CRITICAL"": 0.0}",0.0,0.0
LIC Chowk,2025-01-01,HIGH,HIGH,53.46,False,False,"{""LOW"": 0.0711, ""MEDIUM"": 0.4068, ""HIGH"": 0.4327, ""CRITICAL"": 0.0893}",0.0,0.0
LIC Chowk,2025-02-01,MEDIUM,HIGH,62.49,True,False,"{""LOW"": 0.0022, ""MEDIUM"": 0.2838, ""HIGH"": 0.628, ""CRITICAL"": 0.086}",14.0,14.0
LIC Chowk,2025-03-01,CRITICAL,HIGH,67.96,True,False,"{""LOW"": 0.0069, ""MEDIUM"": 0.1293, ""HIGH"": 0.7649, ""CRITICAL"": 0.0989}",19.0,16.5
LIC Chowk,2025-04-01,MEDIUM,MEDIUM,51.3,False,False,"{""LOW"": 0.0307, ""MEDIUM"": 0.4856, ""HIGH"": 0.4688, ""CRITICAL"": 0.0149}",14.0,15.667
LIC Chowk,2025-05-01,HIGH,HIGH,69.21,False,False,"{""LOW"": 0.0, ""MEDIUM"": 0.0778, ""HIGH"": 0.8573, ""CRITICAL"": 0.0648}",19.0,17.333
LIC Chowk,2025-06-01,CRITICAL,HIGH,66.63,True,False,"{""LOW"": 0.0, ""MEDIUM"": 0.1622, ""HIGH"": 0.7606, ""CRITICAL"": 0.0771}",10.0,14.333
LIC Chowk,2025-07-01,CRITICAL,HIGH,63.06,True,False,"{""LOW"": 0.0003, ""MEDIUM"": 0.2335, ""HIGH"": 0.7245, ""CRITICAL"": 0.0417}",18.0,15.667
LIC Chowk,2025-08-01,CRITICAL,HIGH,65.94,True,False,"{""LOW"": 0.0002, ""MEDIUM"": 0.177, ""HIGH"": 0.7511, ""CRITICAL"": 0.0717}",18.0,15.333
LIC Chowk,2025-09-01,CRITICAL,HIGH,68.4,True,False,"{""LOW"": 0.0, ""MEDIUM"": 0.1007, ""HIGH"": 0.8353, ""CRITICAL"": 0.064}",14.0,16.667
LIC Chowk,2025-10-01,MEDIUM,HIGH,64.01,True,False,"{""LOW"": 0.0, ""MEDIUM"": 0.1756, ""HIGH"": 0.8193, ""CRITICAL"": 0.0051}",23.0,18.333
LIC Chowk,2025-11-01,HIGH,HIGH,58.74,False,False,"{""LOW"": 0.0, ""MEDIUM"": 0.326, ""HIGH"": 0.6688, ""CRITICAL"": 0.0051}",23.0,20.0
LIC Chowk,2025-12-01,CRITICAL,HIGH,63.49,True,False,"{""LOW"": 0.0, ""MEDIUM"": 0.1984, ""HIGH"": 0.787, ""CRITICAL"": 0.0146}",16.0,20.667
Law College Square,2025-01-01,LOW,LOW,0.18,False,False,"{""LOW"": 0.995, ""MEDIUM"": 0.005, ""HIGH"": 0.0, ""CRITICAL"": 0.0}",0.0,0.0
Law College Square,2025-02-01,LOW,LOW,0.0,False,False,"{""LOW"": 1.0, ""MEDIUM"": 0.0, ""HIGH"": 0.0, ""CRITICAL"": 0.0}",0.0,0.0
Law College Square,2025-03-01,LOW,LOW,0.0,False,False,"{""LOW"": 1.0, ""MEDIUM"": 0.0, ""HIGH"": 0.0, ""CRITICAL"": 0.0}",0.0,0.0
Law College Square,2025-04-01,LOW,LOW,0.0,False,False,"{""LOW"": 1.0, ""MEDIUM"": 0.0, ""HIGH"": 0.0, ""CRITICAL"": 0.0}",0.0,0.0
Law College Square,2025-05-01,LOW,LOW,0.0,False,False,"{""LOW"": 1.0, ""MEDIUM"": 0.0, ""HIGH"": 0.0, ""CRITICAL"": 0.0}",0.0,0.0
Law College Square,2025-06-01,LOW,LOW,0.0,False,False,"{""LOW"": 1.0, ""MEDIUM"": 0.0, ""HIGH"": 0.0, ""CRITICAL"": 0.0}",0.0,0.0
Law College Square,2025-07-01,LOW,LOW,0.0,False,False,"{""LOW"": 1.0, ""MEDIUM"": 0.0, ""HIGH"": 0.0, ""CRITICAL"": 0.0}",0.0,0.0
Law College Square,2025-08-01,LOW,LOW,0.0,False,False,"{""LOW"": 1.0, ""MEDIUM"": 0.0, ""HIGH"": 0.0, ""CRITICAL"": 0.0}",0.0,0.0
Law College Square,2025-09-01,LOW,LOW,0.0,False,False,"{""LOW"": 1.0, ""MEDIUM"": 0.0, ""HIGH"": 0.0, ""CRITICAL"": 0.0}",0.0,0.0
Law College Square,2025-10-01,LOW,LOW,0.0,False,False,"{""LOW"": 1.0, ""MEDIUM"": 0.0, ""HIGH"": 0.0, ""CRITICAL"": 0.0}",0.0,0.0
Law College Square,2025-11-01,LOW,LOW,0.0,False,False,"{""LOW"": 1.0, ""MEDIUM"": 0.0, ""HIGH"": 0.0, ""CRITICAL"": 0.0}",0.0,0.0
Law College Square,2025-12-01,LOW,LOW,0.0,False,False,"{""LOW"": 1.0, ""MEDIUM"": 0.0, ""HIGH"": 0.0, ""CRITICAL"": 0.0}",0.0,0.0
Manewada Square,2025-01-01,LOW,LOW,0.18,False,False,"{""LOW"": 0.995, ""MEDIUM"": 0.005, ""HIGH"": 0.0, ""CRITICAL"": 0.0}",0.0,0.0
Manewada Square,2025-02-01,LOW,LOW,0.0,False,False,"{""LOW"": 1.0, ""MEDIUM"": 0.0, ""HIGH"": 0.0, ""CRITICAL"": 0.0}",0.0,0.0
Manewada Square,2025-03-01,LOW,LOW,0.0,False,False,"{""LOW"": 1.0, ""MEDIUM"": 0.0, ""HIGH"": 0.0, ""CRITICAL"": 0.0}",0.0,0.0
Manewada Square,2025-04-01,LOW,LOW,0.0,False,False,"{""LOW"": 1.0, ""MEDIUM"": 0.0, ""HIGH"": 0.0, ""CRITICAL"": 0.0}",0.0,0.0
Manewada Square,2025-05-01,LOW,LOW,0.0,False,False,"{""LOW"": 1.0, ""MEDIUM"": 0.0, ""HIGH"": 0.0, ""CRITICAL"": 0.0}",0.0,0.0
Manewada Square,2025-06-01,LOW,LOW,0.0,False,False,"{""LOW"": 1.0, ""MEDIUM"": 0.0, ""HIGH"": 0.0, ""CRITICAL"": 0.0}",0.0,0.0
Manewada Square,2025-07-01,LOW,LOW,0.0,False,False,"{""LOW"": 1.0, ""MEDIUM"": 0.0, ""HIGH"": 0.0, ""CRITICAL"": 0.0}",0.0,0.0
Manewada Square,2025-08-01,LOW,LOW,0.0,False,False,"{""LOW"": 1.0, ""MEDIUM"": 0.0, ""HIGH"": 0.0, ""CRITICAL"": 0.0}",0.0,0.0
Manewada Square,2025-09-01,LOW,LOW,0.0,False,False,"{""LOW"": 1.0, ""MEDIUM"": 0.0, ""HIGH"": 0.0, ""CRITICAL"": 0.0}",0.0,0.0
Manewada Square,2025-10-01,LOW,LOW,0.0,False,False,"{""LOW"": 1.0, ""MEDIUM"": 0.0, ""HIGH"": 0.0, ""CRITICAL"": 0.0}",0.0,0.0
Manewada Square,2025-11-01,LOW,LOW,0.0,False,False,"{""LOW"": 1.0, ""MEDIUM"": 0.0, ""HIGH"": 0.0, ""CRITICAL"": 0.0}",0.0,0.0
Manewada Square,2025-12-01,LOW,LOW,0.0,False,False,"{""LOW"": 1.0, ""MEDIUM"": 0.0, ""HIGH"": 0.0, ""CRITICAL"": 0.0}",0.0,0.0
Mate Square,2025-01-01,LOW,LOW,0.18,False,False,"{""LOW"": 0.995, ""MEDIUM"": 0.005, ""HIGH"": 0.0, ""CRITICAL"": 0.0}",0.0,0.0
Mate Square,2025-02-01,LOW,LOW,0.0,False,False,"{""LOW"": 1.0, ""MEDIUM"": 0.0, ""HIGH"": 0.0, ""CRITICAL"": 0.0}",0.0,0.0
Mate Square,2025-03-01,LOW,LOW,0.0,False,False,"{""LOW"": 1.0, ""MEDIUM"": 0.0, ""HIGH"": 0.0, ""CRITICAL"": 0.0}",0.0,0.0
Mate Square,2025-04-01,LOW,LOW,0.0,False,False,"{""LOW"": 1.0, ""MEDIUM"": 0.0, ""HIGH"": 0.0, ""CRITICAL"": 0.0}",0.0,0.0
Mate Square,2025-05-01,LOW,LOW,0.0,False,False,"{""LOW"": 1.0, ""MEDIUM"": 0.0, ""HIGH"": 0.0, ""CRITICAL"": 0.0}",0.0,0.0
Mate Square,2025-06-01,LOW,LOW,0.0,False,False,"{""LOW"": 1.0, ""MEDIUM"": 0.0, ""HIGH"": 0.0, ""CRITICAL"": 0.0}",0.0,0.0
Mate Square,2025-07-01,LOW,LOW,0.0,False,False,"{""LOW"": 1.0, ""MEDIUM"": 0.0, ""HIGH"": 0.0, ""CRITICAL"": 0.0}",0.0,0.0
Mate Square,2025-08-01,LOW,LOW,0.0,False,False,"{""LOW"": 1.0, ""MEDIUM"": 0.0, ""HIGH"": 0.0, ""CRITICAL"": 0.0}",0.0,0.0
Mate Square,2025-09-01,LOW,LOW,0.0,False,False,"{""LOW"": 1.0, ""MEDIUM"": 0.0, ""HIGH"": 0.0, ""CRITICAL"": 0.0}",0.0,0.0
Mate Square,2025-10-01,LOW,LOW,0.0,False,False,"{""LOW"": 1.0, ""MEDIUM"": 0.0, ""HIGH"": 0.0, ""CRITICAL"": 0.0}",0.0,0.0
Mate Square,2025-11-01,LOW,LOW,0.0,False,False,"{""LOW"": 1.0, ""MEDIUM"": 0.0, ""HIGH"": 0.0, ""CRITICAL"": 0.0}",0.0,0.0
Mate Square,2025-12-01,LOW,LOW,0.0,False,False,"{""LOW"": 1.0, ""MEDIUM"": 0.0, ""HIGH"": 0.0, ""CRITICAL"": 0.0}",0.0,0.0
Medical Square,2025-01-01,LOW,LOW,0.18,False,False,"{""LOW"": 0.995, ""MEDIUM"": 0.005, ""HIGH"": 0.0, ""CRITICAL"": 0.0}",0.0,0.0
Medical Square,2025-02-01,LOW,LOW,0.0,False,False,"{""LOW"": 1.0, ""MEDIUM"": 0.0, ""HIGH"": 0.0, ""CRITICAL"": 0.0}",0.0,0.0
Medical Square,2025-03-01,LOW,LOW,0.0,False,False,"{""LOW"": 1.0, ""MEDIUM"": 0.0, ""HIGH"": 0.0, ""CRITICAL"": 0.0}",0.0,0.0
Medical Square,2025-04-01,LOW,LOW,0.0,False,False,"{""LOW"": 1.0, ""MEDIUM"": 0.0, ""HIGH"": 0.0, ""CRITICAL"": 0.0}",0.0,0.0
Medical Square,2025-05-01,LOW,LOW,0.0,False,False,"{""LOW"": 1.0, ""MEDIUM"": 0.0, ""HIGH"": 0.0, ""CRITICAL"": 0.0}",0.0,0.0
Medical Square,2025-06-01,LOW,LOW,0.0,False,False,"{""LOW"": 1.0, ""MEDIUM"": 0.0, ""HIGH"": 0.0, ""CRITICAL"": 0.0}",0.0,0.0
Medical Square,2025-07-01,LOW,LOW,0.0,False,False,"{""LOW"": 1.0, ""MEDIUM"": 0.0, ""HIGH"": 0.0, ""CRITICAL"": 0.0}",0.0,0.0
Medical Square,2025-08-01,LOW,LOW,0.0,False,False,"{""LOW"": 1.0, ""MEDIUM"": 0.0, ""HIGH"": 0.0, ""CRITICAL"": 0.0}",0.0,0.0
Medical Square,2025-09-01,LOW,LOW,0.0,False,False,"{""LOW"": 1.0, ""MEDIUM"": 0.0, ""HIGH"": 0.0, ""CRITICAL"": 0.0}",0.0,0.0
Medical Square,2025-10-01,LOW,LOW,0.0,False,False,"{""LOW"": 1.0, ""MEDIUM"": 0.0, ""HIGH"": 0.0, ""CRITICAL"": 0.0}",0.0,0.0
Medical Square,2025-11-01,LOW,LOW,0.0,False,False,"{""LOW"": 1.0, ""MEDIUM"": 0.0, ""HIGH"": 0.0, ""CRITICAL"": 0.0}",0.0,0.0
Medical Square,2025-12-01,LOW,LOW,0.0,False,False,"{""LOW"": 1.0, ""MEDIUM"": 0.0, ""HIGH"": 0.0, ""CRITICAL"": 0.0}",0.0,0.0
Nandanvan Main Square,2025-01-01,LOW,LOW,0.18,False,False,"{""LOW"": 0.995, ""MEDIUM"": 0.005, ""HIGH"": 0.0, ""CRITICAL"": 0.0}",0.0,0.0
Nandanvan Main Square,2025-02-01,LOW,LOW,0.0,False,False,"{""LOW"": 1.0, ""MEDIUM"": 0.0, ""HIGH"": 0.0, ""CRITICAL"": 0.0}",0.0,0.0
Nandanvan Main Square,2025-03-01,LOW,LOW,0.0,False,False,"{""LOW"": 1.0, ""MEDIUM"": 0.0, ""HIGH"": 0.0, ""CRITICAL"": 0.0}",0.0,0.0
Nandanvan Main Square,2025-04-01,LOW,LOW,0.0,False,False,"{""LOW"": 1.0, ""MEDIUM"": 0.0, ""HIGH"": 0.0, ""CRITICAL"": 0.0}",0.0,0.0
Nandanvan Main Square,2025-05-01,LOW,LOW,0.0,False,False,"{""LOW"": 1.0, ""MEDIUM"": 0.0, ""HIGH"": 0.0, ""CRITICAL"": 0.0}",0.0,0.0
Nandanvan Main Square,2025-06-01,LOW,LOW,0.0,False,False,"{""LOW"": 1.0, ""MEDIUM"": 0.0, ""HIGH"": 0.0, ""CRITICAL"": 0.0}",0.0,0.0
Nandanvan Main Square,2025-07-01,LOW,LOW,0.0,False,False,"{""LOW"": 1.0, ""MEDIUM"": 0.0, ""HIGH"": 0.0, ""CRITICAL"": 0.0}",0.0,0.0
Nandanvan Main Square,2025-08-01,LOW,LOW,0.0,False,False,"{""LOW"": 1.0, ""MEDIUM"": 0.0, ""HIGH"": 0.0, ""CRITICAL"": 0.0}",0.0,0.0
Nandanvan Main Square,2025-09-01,LOW,LOW,0.0,False,False,"{""LOW"": 1.0, ""MEDIUM"": 0.0, ""HIGH"": 0.0, ""CRITICAL"": 0.0}",0.0,0.0
Nandanvan Main Square,2025-10-01,LOW,LOW,0.0,False,False,"{""LOW"": 1.0, ""MEDIUM"": 0.0, ""HIGH"": 0.0, ""CRITICAL"": 0.0}",0.0,0.0
Nandanvan Main Square,2025-11-01,LOW,LOW,0.0,False,False,"{""LOW"": 1.0, ""MEDIUM"": 0.0, ""HIGH"": 0.0, ""CRITICAL"": 0.0}",0.0,0.0
Nandanvan Main Square,2025-12-01,LOW,LOW,0.0,False,False,"{""LOW"": 1.0, ""MEDIUM"": 0.0, ""HIGH"": 0.0, ""CRITICAL"": 0.0}",0.0,0.0
Omkar Nagar Square,2025-01-01,LOW,LOW,0.18,False,False,"{""LOW"": 0.995, ""MEDIUM"": 0.005, ""HIGH"": 0.0, ""CRITICAL"": 0.0}",0.0,0.0
Omkar Nagar Square,2025-02-01,LOW,LOW,0.0,False,False,"{""LOW"": 1.0, ""MEDIUM"": 0.0, ""HIGH"": 0.0, ""CRITICAL"": 0.0}",0.0,0.0
Omkar Nagar Square,2025-03-01,LOW,LOW,0.0,False,False,"{""LOW"": 1.0, ""MEDIUM"": 0.0, ""HIGH"": 0.0, ""CRITICAL"": 0.0}",0.0,0.0
Omkar Nagar Square,2025-04-01,LOW,LOW,0.0,False,False,"{""LOW"": 1.0, ""MEDIUM"": 0.0, ""HIGH"": 0.0, ""CRITICAL"": 0.0}",0.0,0.0
Omkar Nagar Square,2025-05-01,LOW,LOW,0.0,False,False,"{""LOW"": 1.0, ""MEDIUM"": 0.0, ""HIGH"": 0.0, ""CRITICAL"": 0.0}",0.0,0.0
Omkar Nagar Square,2025-06-01,LOW,LOW,0.0,False,False,"{""LOW"": 1.0, ""MEDIUM"": 0.0, ""HIGH"": 0.0, ""CRITICAL"": 0.0}",0.0,0.0
Omkar Nagar Square,2025-07-01,LOW,LOW,0.0,False,False,"{""LOW"": 1.0, ""MEDIUM"": 0.0, ""HIGH"": 0.0, ""CRITICAL"": 0.0}",0.0,0.0
Omkar Nagar Square,2025-08-01,LOW,LOW,0.0,False,False,"{""LOW"": 1.0, ""MEDIUM"": 0.0, ""HIGH"": 0.0, ""CRITICAL"": 0.0}",0.0,0.0
Omkar Nagar Square,2025-09-01,LOW,LOW,0.0,False,False,"{""LOW"": 1.0, ""MEDIUM"": 0.0, ""HIGH"": 0.0, ""CRITICAL"": 0.0}",0.0,0.0
Omkar Nagar Square,2025-10-01,LOW,LOW,0.0,False,False,"{""LOW"": 1.0, ""MEDIUM"": 0.0, ""HIGH"": 0.0, ""CRITICAL"": 0.0}",0.0,0.0
Omkar Nagar Square,2025-11-01,LOW,LOW,0.0,False,False,"{""LOW"": 1.0, ""MEDIUM"": 0.0, ""HIGH"": 0.0, ""CRITICAL"": 0.0}",0.0,0.0
Omkar Nagar Square,2025-12-01,LOW,LOW,0.0,False,False,"{""LOW"": 1.0, ""MEDIUM"": 0.0, ""HIGH"": 0.0, ""CRITICAL"": 0.0}",0.0,0.0
Pardi Naka,2025-01-01,LOW,LOW,0.18,False,False,"{""LOW"": 0.995, ""MEDIUM"": 0.005, ""HIGH"": 0.0, ""CRITICAL"": 0.0}",0.0,0.0
Pardi Naka,2025-02-01,LOW,LOW,0.0,False,False,"{""LOW"": 1.0, ""MEDIUM"": 0.0, ""HIGH"": 0.0, ""CRITICAL"": 0.0}",0.0,0.0
Pardi Naka,2025-03-01,LOW,LOW,0.0,False,False,"{""LOW"": 1.0, ""MEDIUM"": 0.0, ""HIGH"": 0.0, ""CRITICAL"": 0.0}",0.0,0.0
Pardi Naka,2025-04-01,LOW,LOW,0.0,False,False,"{""LOW"": 1.0, ""MEDIUM"": 0.0, ""HIGH"": 0.0, ""CRITICAL"": 0.0}",0.0,0.0
Pardi Naka,2025-05-01,LOW,LOW,0.0,False,False,"{""LOW"": 1.0, ""MEDIUM"": 0.0, ""HIGH"": 0.0, ""CRITICAL"": 0.0}",0.0,0.0
Pardi Naka,2025-06-01,LOW,LOW,0.0,False,False,"{""LOW"": 1.0, ""MEDIUM"": 0.0, ""HIGH"": 0.0, ""CRITICAL"": 0.0}",0.0,0.0
Pardi Naka,2025-07-01,LOW,LOW,0.0,False,False,"{""LOW"": 1.0, ""MEDIUM"": 0.0, ""HIGH"": 0.0, ""CRITICAL"": 0.0}",0.0,0.0
Pardi Naka,2025-08-01,LOW,LOW,0.0,False,False,"{""LOW"": 1.0, ""MEDIUM"": 0.0, ""HIGH"": 0.0, ""CRITICAL"": 0.0}",0.0,0.0
Pardi Naka,2025-09-01,LOW,LOW,0.0,False,False,"{""LOW"": 1.0, ""MEDIUM"": 0.0, ""HIGH"": 0.0, ""CRITICAL"": 0.0}",0.0,0.0
Pardi Naka,2025-10-01,LOW,LOW,0.0,False,False,"{""LOW"": 1.0, ""MEDIUM"": 0.0, ""HIGH"": 0.0, ""CRITICAL"": 0.0}",0.0,0.0
Pardi Naka,2025-11-01,LOW,LOW,0.0,False,False,"{""LOW"": 1.0, ""MEDIUM"": 0.0, ""HIGH"": 0.0, ""CRITICAL"": 0.0}",0.0,0.0
Pardi Naka,2025-12-01,LOW,LOW,0.0,False,False,"{""LOW"": 1.0, ""MEDIUM"": 0.0, ""HIGH"": 0.0, ""CRITICAL"": 0.0}",0.0,0.0
Pratap Nagar Square,2025-01-01,LOW,LOW,0.18,False,False,"{""LOW"": 0.995, ""MEDIUM"": 0.005, ""HIGH"": 0.0, ""CRITICAL"": 0.0}",0.0,0.0
Pratap Nagar Square,2025-02-01,LOW,LOW,0.0,False,False,"{""LOW"": 1.0, ""MEDIUM"": 0.0, ""HIGH"": 0.0, ""CRITICAL"": 0.0}",0.0,0.0
Pratap Nagar Square,2025-03-01,LOW,LOW,0.0,False,False,"{""LOW"": 1.0, ""MEDIUM"": 0.0, ""HIGH"": 0.0, ""CRITICAL"": 0.0}",0.0,0.0
Pratap Nagar Square,2025-04-01,LOW,LOW,0.0,False,False,"{""LOW"": 1.0, ""MEDIUM"": 0.0, ""HIGH"": 0.0, ""CRITICAL"": 0.0}",0.0,0.0
Pratap Nagar Square,2025-05-01,LOW,LOW,0.0,False,False,"{""LOW"": 1.0, ""MEDIUM"": 0.0, ""HIGH"": 0.0, ""CRITICAL"": 0.0}",0.0,0.0
Pratap Nagar Square,2025-06-01,LOW,LOW,0.0,False,False,"{""LOW"": 1.0, ""MEDIUM"": 0.0, ""HIGH"": 0.0, ""CRITICAL"": 0.0}",0.0,0.0
Pratap Nagar Square,2025-07-01,LOW,LOW,0.0,False,False,"{""LOW"": 1.0, ""MEDIUM"": 0.0, ""HIGH"": 0.0, ""CRITICAL"": 0.0}",0.0,0.0
Pratap Nagar Square,2025-08-01,LOW,LOW,0.0,False,False,"{""LOW"": 1.0, ""MEDIUM"": 0.0, ""HIGH"": 0.0, ""CRITICAL"": 0.0}",0.0,0.0
Pratap Nagar Square,2025-09-01,LOW,LOW,0.0,False,False,"{""LOW"": 1.0, ""MEDIUM"": 0.0, ""HIGH"": 0.0, ""CRITICAL"": 0.0}",0.0,0.0
Pratap Nagar Square,2025-10-01,LOW,LOW,0.0,False,False,"{""LOW"": 1.0, ""MEDIUM"": 0.0, ""HIGH"": 0.0, ""CRITICAL"": 0.0}",0.0,0.0
Pratap Nagar Square,2025-11-01,LOW,LOW,0.0,False,False,"{""LOW"": 1.0, ""MEDIUM"": 0.0, ""HIGH"": 0.0, ""CRITICAL"": 0.0}",0.0,0.0
Pratap Nagar Square,2025-12-01,LOW,LOW,0.0,False,False,"{""LOW"": 1.0, ""MEDIUM"": 0.0, ""HIGH"": 0.0, ""CRITICAL"": 0.0}",0.0,0.0
Rachana Ring Road,2025-01-01,LOW,LOW,0.18,False,False,"{""LOW"": 0.995, ""MEDIUM"": 0.005, ""HIGH"": 0.0, ""CRITICAL"": 0.0}",0.0,0.0
Rachana Ring Road,2025-02-01,LOW,LOW,0.0,False,False,"{""LOW"": 1.0, ""MEDIUM"": 0.0, ""HIGH"": 0.0, ""CRITICAL"": 0.0}",0.0,0.0
Rachana Ring Road,2025-03-01,LOW,LOW,0.0,False,False,"{""LOW"": 1.0, ""MEDIUM"": 0.0, ""HIGH"": 0.0, ""CRITICAL"": 0.0}",0.0,0.0
Rachana Ring Road,2025-04-01,LOW,LOW,0.0,False,False,"{""LOW"": 1.0, ""MEDIUM"": 0.0, ""HIGH"": 0.0, ""CRITICAL"": 0.0}",0.0,0.0
Rachana Ring Road,2025-05-01,LOW,LOW,0.0,False,False,"{""LOW"": 1.0, ""MEDIUM"": 0.0, ""HIGH"": 0.0, ""CRITICAL"": 0.0}",0.0,0.0
Rachana Ring Road,2025-06-01,LOW,LOW,0.0,False,False,"{""LOW"": 1.0, ""MEDIUM"": 0.0, ""HIGH"": 0.0, ""CRITICAL"": 0.0}",0.0,0.0
Rachana Ring Road,2025-07-01,LOW,LOW,0.0,False,False,"{""LOW"": 1.0, ""MEDIUM"": 0.0, ""HIGH"": 0.0, ""CRITICAL"": 0.0}",0.0,0.0
Rachana Ring Road,2025-08-01,LOW,LOW,0.0,False,False,"{""LOW"": 1.0, ""MEDIUM"": 0.0, ""HIGH"": 0.0, ""CRITICAL"": 0.0}",0.0,0.0
Rachana Ring Road,2025-09-01,LOW,LOW,0.0,False,False,"{""LOW"": 1.0, ""MEDIUM"": 0.0, ""HIGH"": 0.0, ""CRITICAL"": 0.0}",0.0,0.0
Rachana Ring Road,2025-10-01,LOW,LOW,0.0,False,False,"{""LOW"": 1.0, ""MEDIUM"": 0.0, ""HIGH"": 0.0, ""CRITICAL"": 0.0}",0.0,0.0
Rachana Ring Road,2025-11-01,LOW,LOW,0.0,False,False,"{""LOW"": 1.0, ""MEDIUM"": 0.0, ""HIGH"": 0.0, ""CRITICAL"": 0.0}",0.0,0.0
Rachana Ring Road,2025-12-01,LOW,LOW,0.0,False,False,"{""LOW"": 1.0, ""MEDIUM"": 0.0, ""HIGH"": 0.0, ""CRITICAL"": 0.0}",0.0,0.0
Ram Nagar Square,2025-01-01,LOW,LOW,0.18,False,False,"{""LOW"": 0.995, ""MEDIUM"": 0.005, ""HIGH"": 0.0, ""CRITICAL"": 0.0}",0.0,0.0
Ram Nagar Square,2025-02-01,LOW,LOW,0.0,False,False,"{""LOW"": 1.0, ""MEDIUM"": 0.0, ""HIGH"": 0.0, ""CRITICAL"": 0.0}",0.0,0.0
Ram Nagar Square,2025-03-01,LOW,LOW,0.0,False,False,"{""LOW"": 1.0, ""MEDIUM"": 0.0, ""HIGH"": 0.0, ""CRITICAL"": 0.0}",0.0,0.0
Ram Nagar Square,2025-04-01,LOW,LOW,0.0,False,False,"{""LOW"": 1.0, ""MEDIUM"": 0.0, ""HIGH"": 0.0, ""CRITICAL"": 0.0}",0.0,0.0
Ram Nagar Square,2025-05-01,LOW,LOW,0.0,False,False,"{""LOW"": 1.0, ""MEDIUM"": 0.0, ""HIGH"": 0.0, ""CRITICAL"": 0.0}",0.0,0.0
Ram Nagar Square,2025-06-01,LOW,LOW,0.0,False,False,"{""LOW"": 1.0, ""MEDIUM"": 0.0, ""HIGH"": 0.0, ""CRITICAL"": 0.0}",0.0,0.0
Ram Nagar Square,2025-07-01,LOW,LOW,0.0,False,False,"{""LOW"": 1.0, ""MEDIUM"": 0.0, ""HIGH"": 0.0, ""CRITICAL"": 0.0}",0.0,0.0
Ram Nagar Square,2025-08-01,LOW,LOW,0.0,False,False,"{""LOW"": 1.0, ""MEDIUM"": 0.0, ""HIGH"": 0.0, ""CRITICAL"": 0.0}",0.0,0.0
Ram Nagar Square,2025-09-01,LOW,LOW,0.0,False,False,"{""LOW"": 1.0, ""MEDIUM"": 0.0, ""HIGH"": 0.0, ""CRITICAL"": 0.0}",0.0,0.0
Ram Nagar Square,2025-10-01,LOW,LOW,0.0,False,False,"{""LOW"": 1.0, ""MEDIUM"": 0.0, ""HIGH"": 0.0, ""CRITICAL"": 0.0}",0.0,0.0
Ram Nagar Square,2025-11-01,LOW,LOW,0.0,False,False,"{""LOW"": 1.0, ""MEDIUM"": 0.0, ""HIGH"": 0.0, ""CRITICAL"": 0.0}",0.0,0.0
Ram Nagar Square,2025-12-01,LOW,LOW,0.0,False,False,"{""LOW"": 1.0, ""MEDIUM"": 0.0, ""HIGH"": 0.0, ""CRITICAL"": 0.0}",0.0,0.0
Rambagh Chowk,2025-01-01,LOW,LOW,0.18,False,False,"{""LOW"": 0.995, ""MEDIUM"": 0.005, ""HIGH"": 0.0, ""CRITICAL"": 0.0}",0.0,0.0
Rambagh Chowk,2025-02-01,LOW,LOW,0.0,False,False,"{""LOW"": 1.0, ""MEDIUM"": 0.0, ""HIGH"": 0.0, ""CRITICAL"": 0.0}",0.0,0.0
Rambagh Chowk,2025-03-01,LOW,LOW,0.0,False,False,"{""LOW"": 1.0, ""MEDIUM"": 0.0, ""HIGH"": 0.0, ""CRITICAL"": 0.0}",0.0,0.0
Rambagh Chowk,2025-04-01,LOW,LOW,0.0,False,False,"{""LOW"": 1.0, ""MEDIUM"": 0.0, ""HIGH"": 0.0, ""CRITICAL"": 0.0}",0.0,0.0
Rambagh Chowk,2025-05-01,LOW,LOW,0.0,False,False,"{""LOW"": 1.0, ""MEDIUM"": 0.0, ""HIGH"": 0.0, ""CRITICAL"": 0.0}",0.0,0.0
Rambagh Chowk,2025-06-01,LOW,LOW,0.0,False,False,"{""LOW"": 1.0, ""MEDIUM"": 0.0, ""HIGH"": 0.0, ""CRITICAL"": 0.0}",0.0,0.0
Rambagh Chowk,2025-07-01,LOW,LOW,0.0,False,False,"{""LOW"": 1.0, ""MEDIUM"": 0.0, ""HIGH"": 0.0, ""CRITICAL"": 0.0}",0.0,0.0
Rambagh Chowk,2025-08-01,LOW,LOW,0.0,False,False,"{""LOW"": 1.0, ""MEDIUM"": 0.0, ""HIGH"": 0.0, ""CRITICAL"": 0.0}",0.0,0.0
Rambagh Chowk,2025-09-01,LOW,LOW,0.0,False,False,"{""LOW"": 1.0, ""MEDIUM"": 0.0, ""HIGH"": 0.0, ""CRITICAL"": 0.0}",0.0,0.0
Rambagh Chowk,2025-10-01,LOW,LOW,0.0,False,False,"{""LOW"": 1.0, ""MEDIUM"": 0.0, ""HIGH"": 0.0, ""CRITICAL"": 0.0}",0.0,0.0
Rambagh Chowk,2025-11-01,LOW,LOW,0.0,False,False,"{""LOW"": 1.0, ""MEDIUM"": 0.0, ""HIGH"": 0.0, ""CRITICAL"": 0.0}",0.0,0.0
Rambagh Chowk,2025-12-01,LOW,LOW,0.0,False,False,"{""LOW"": 1.0, ""MEDIUM"": 0.0, ""HIGH"": 0.0, ""CRITICAL"": 0.0}",0.0,0.0
Reserve Bank Chowk,2025-01-01,LOW,LOW,0.18,False,False,"{""LOW"": 0.995, ""MEDIUM"": 0.005, ""HIGH"": 0.0, ""CRITICAL"": 0.0}",0.0,0.0
Reserve Bank Chowk,2025-02-01,LOW,LOW,0.0,False,False,"{""LOW"": 1.0, ""MEDIUM"": 0.0, ""HIGH"": 0.0, ""CRITICAL"": 0.0}",0.0,0.0
Reserve Bank Chowk,2025-03-01,LOW,LOW,0.0,False,False,"{""LOW"": 1.0, ""MEDIUM"": 0.0, ""HIGH"": 0.0, ""CRITICAL"": 0.0}",0.0,0.0
Reserve Bank Chowk,2025-04-01,LOW,LOW,0.0,False,False,"{""LOW"": 1.0, ""MEDIUM"": 0.0, ""HIGH"": 0.0, ""CRITICAL"": 0.0}",0.0,0.0
Reserve Bank Chowk,2025-05-01,LOW,LOW,0.0,False,False,"{""LOW"": 1.0, ""MEDIUM"": 0.0, ""HIGH"": 0.0, ""CRITICAL"": 0.0}",0.0,0.0
Reserve Bank Chowk,2025-06-01,LOW,LOW,0.0,False,False,"{""LOW"": 1.0, ""MEDIUM"": 0.0, ""HIGH"": 0.0, ""CRITICAL"": 0.0}",0.0,0.0
Reserve Bank Chowk,2025-07-01,LOW,LOW,0.0,False,False,"{""LOW"": 1.0, ""MEDIUM"": 0.0, ""HIGH"": 0.0, ""CRITICAL"": 0.0}",0.0,0.0
Reserve Bank Chowk,2025-08-01,LOW,LOW,0.0,False,False,"{""LOW"": 1.0, ""MEDIUM"": 0.0, ""HIGH"": 0.0, ""CRITICAL"": 0.0}",0.0,0.0
Reserve Bank Chowk,2025-09-01,LOW,LOW,0.0,False,False,"{""LOW"": 1.0, ""MEDIUM"": 0.0, ""HIGH"": 0.0, ""CRITICAL"": 0.0}",0.0,0.0
Reserve Bank Chowk,2025-10-01,LOW,LOW,0.0,False,False,"{""LOW"": 1.0, ""MEDIUM"": 0.0, ""HIGH"": 0.0, ""CRITICAL"": 0.0}",0.0,0.0
Reserve Bank Chowk,2025-11-01,LOW,LOW,0.0,False,False,"{""LOW"": 1.0, ""MEDIUM"": 0.0, ""HIGH"": 0.0, ""CRITICAL"": 0.0}",0.0,0.0
Reserve Bank Chowk,2025-12-01,LOW,LOW,0.0,False,False,"{""LOW"": 1.0, ""MEDIUM"": 0.0, ""HIGH"": 0.0, ""CRITICAL"": 0.0}",0.0,0.0
Reshimbagh Square,2025-01-01,LOW,LOW,0.18,False,False,"{""LOW"": 0.995, ""MEDIUM"": 0.005, ""HIGH"": 0.0, ""CRITICAL"": 0.0}",0.0,0.0
Reshimbagh Square,2025-02-01,LOW,LOW,0.0,False,False,"{""LOW"": 1.0, ""MEDIUM"": 0.0, ""HIGH"": 0.0, ""CRITICAL"": 0.0}",0.0,0.0
Reshimbagh Square,2025-03-01,LOW,LOW,0.0,False,False,"{""LOW"": 1.0, ""MEDIUM"": 0.0, ""HIGH"": 0.0, ""CRITICAL"": 0.0}",0.0,0.0
Reshimbagh Square,2025-04-01,LOW,LOW,0.0,False,False,"{""LOW"": 1.0, ""MEDIUM"": 0.0, ""HIGH"": 0.0, ""CRITICAL"": 0.0}",0.0,0.0
Reshimbagh Square,2025-05-01,LOW,LOW,0.0,False,False,"{""LOW"": 1.0, ""MEDIUM"": 0.0, ""HIGH"": 0.0, ""CRITICAL"": 0.0}",0.0,0.0
Reshimbagh Square,2025-06-01,LOW,LOW,0.0,False,False,"{""LOW"": 1.0, ""MEDIUM"": 0.0, ""HIGH"": 0.0, ""CRITICAL"": 0.0}",0.0,0.0
Reshimbagh Square,2025-07-01,LOW,LOW,0.0,False,False,"{""LOW"": 1.0, ""MEDIUM"": 0.0, ""HIGH"": 0.0, ""CRITICAL"": 0.0}",0.0,0.0
Reshimbagh Square,2025-08-01,LOW,LOW,0.0,False,False,"{""LOW"": 1.0, ""MEDIUM"": 0.0, ""HIGH"": 0.0, ""CRITICAL"": 0.0}",0.0,0.0
Reshimbagh Square,2025-09-01,LOW,LOW,0.0,False,False,"{""LOW"": 1.0, ""MEDIUM"": 0.0, ""HIGH"": 0.0, ""CRITICAL"": 0.0}",0.0,0.0
Reshimbagh Square,2025-10-01,LOW,LOW,0.0,False,False,"{""LOW"": 1.0, ""MEDIUM"": 0.0, ""HIGH"": 0.0, ""CRITICAL"": 0.0}",0.0,0.0
Reshimbagh Square,2025-11-01,LOW,LOW,0.0,False,False,"{""LOW"": 1.0, ""MEDIUM"": 0.0, ""HIGH"": 0.0, ""CRITICAL"": 0.0}",0.0,0.0
Reshimbagh Square,2025-12-01,LOW,LOW,0.0,False,False,"{""LOW"": 1.0, ""MEDIUM"": 0.0, ""HIGH"": 0.0, ""CRITICAL"": 0.0}",0.0,0.0
Sakkardara Square,2025-01-01,LOW,LOW,0.78,False,False,"{""LOW"": 0.9778, ""MEDIUM"": 0.0222, ""HIGH"": 0.0, ""CRITICAL"": 0.0}",0.0,0.0
Sakkardara Square,2025-02-01,LOW,LOW,1.07,False,False,"{""LOW"": 0.9693, ""MEDIUM"": 0.0307, ""HIGH"": 0.0, ""CRITICAL"": 0.0}",0.0,0.0
Sakkardara Square,2025-03-01,LOW,LOW,0.0,False,False,"{""LOW"": 1.0, ""MEDIUM"": 0.0, ""HIGH"": 0.0, ""CRITICAL"": 0.0}",1.0,0.5
Sakkardara Square,2025-04-01,LOW,LOW,0.0,False,False,"{""LOW"": 1.0, ""MEDIUM"": 0.0, ""HIGH"": 0.0, ""CRITICAL"": 0.0}",1.0,0.667
Sakkardara Square,2025-05-01,LOW,LOW,0.0,False,False,"{""LOW"": 1.0, ""MEDIUM"": 0.0, ""HIGH"": 0.0, ""CRITICAL"": 0.0}",0.0,0.667
Sakkardara Square,2025-06-01,LOW,LOW,0.0,False,False,"{""LOW"": 1.0, ""MEDIUM"": 0.0, ""HIGH"": 0.0, ""CRITICAL"": 0.0}",0.0,0.333
Sakkardara Square,2025-07-01,LOW,LOW,0.0,False,False,"{""LOW"": 1.0, ""MEDIUM"": 0.0, ""HIGH"": 0.0, ""CRITICAL"": 0.0}",1.0,0.333
Sakkardara Square,2025-08-01,LOW,LOW,0.0,False,False,"{""LOW"": 1.0, ""MEDIUM"": 0.0, ""HIGH"": 0.0, ""CRITICAL"": 0.0}",0.0,0.333
Sakkardara Square,2025-09-01,LOW,LOW,0.0,False,False,"{""LOW"": 1.0, ""MEDIUM"": 0.0, ""HIGH"": 0.0, ""CRITICAL"": 0.0}",1.0,0.667
Sakkardara Square,2025-10-01,LOW,LOW,0.0,False,False,"{""LOW"": 1.0, ""MEDIUM"": 0.0, ""HIGH"": 0.0, ""CRITICAL"": 0.0}",1.0,0.667
Sakkardara Square,2025-11-01,LOW,LOW,0.0,False,False,"{""LOW"": 1.0, ""MEDIUM"": 0.0, ""HIGH"": 0.0, ""CRITICAL"": 0.0}",0.0,0.667
Sakkardara Square,2025-12-01,LOW,LOW,0.0,False,False,"{""LOW"": 1.0, ""MEDIUM"": 0.0, ""HIGH"": 0.0, ""CRITICAL"": 0.0}",0.0,0.333
Sanvidhan Square,2025-01-01,LOW,LOW,0.18,False,False,"{""LOW"": 0.995, ""MEDIUM"": 0.005, ""HIGH"": 0.0, ""CRITICAL"": 0.0}",0.0,0.0
Sanvidhan Square,2025-02-01,LOW,LOW,0.0,False,False,"{""LOW"": 1.0, ""MEDIUM"": 0.0, ""HIGH"": 0.0, ""CRITICAL"": 0.0}",0.0,0.0
Sanvidhan Square,2025-03-01,LOW,LOW,0.0,False,False,"{""LOW"": 1.0, ""MEDIUM"": 0.0, ""HIGH"": 0.0, ""CRITICAL"": 0.0}",0.0,0.0
Sanvidhan Square,2025-04-01,LOW,LOW,0.0,False,False,"{""LOW"": 1.0, ""MEDIUM"": 0.0, ""HIGH"": 0.0, ""CRITICAL"": 0.0}",0.0,0.0
Sanvidhan Square,2025-05-01,LOW,LOW,0.0,False,False,"{""LOW"": 1.0, ""MEDIUM"": 0.0, ""HIGH"": 0.0, ""CRITICAL"": 0.0}",0.0,0.0
Sanvidhan Square,2025-06-01,LOW,LOW,0.0,False,False,"{""LOW"": 1.0, ""MEDIUM"": 0.0, ""HIGH"": 0.0, ""CRITICAL"": 0.0}",0.0,0.0
Sanvidhan Square,2025-07-01,LOW,LOW,0.0,False,False,"{""LOW"": 1.0, ""MEDIUM"": 0.0, ""HIGH"": 0.0, ""CRITICAL"": 0.0}",0.0,0.0
Sanvidhan Square,2025-08-01,LOW,LOW,0.0,False,False,"{""LOW"": 1.0, ""MEDIUM"": 0.0, ""HIGH"": 0.0, ""CRITICAL"": 0.0}",0.0,0.0
Sanvidhan Square,2025-09-01,LOW,LOW,0.0,False,False,"{""LOW"": 1.0, ""MEDIUM"": 0.0, ""HIGH"": 0.0, ""CRITICAL"": 0.0}",0.0,0.0
Sanvidhan Square,2025-10-01,LOW,LOW,0.0,False,False,"{""LOW"": 1.0, ""MEDIUM"": 0.0, ""HIGH"": 0.0, ""CRITICAL"": 0.0}",0.0,0.0
Sanvidhan Square,2025-11-01,LOW,LOW,0.0,False,False,"{""LOW"": 1.0, ""MEDIUM"": 0.0, ""HIGH"": 0.0, ""CRITICAL"": 0.0}",0.0,0.0
Sanvidhan Square,2025-12-01,LOW,LOW,0.0,False,False,"{""LOW"": 1.0, ""MEDIUM"": 0.0, ""HIGH"": 0.0, ""CRITICAL"": 0.0}",0.0,0.0
Shankar Nagar Square,2025-01-01,LOW,LOW,1.07,False,False,"{""LOW"": 0.9693, ""MEDIUM"": 0.0307, ""HIGH"": 0.0, ""CRITICAL"": 0.0}",0.0,0.0
Shankar Nagar Square,2025-02-01,LOW,LOW,1.07,False,False,"{""LOW"": 0.9693, ""MEDIUM"": 0.0307, ""HIGH"": 0.0, ""CRITICAL"": 0.0}",0.0,0.0
Shankar Nagar Square,2025-03-01,LOW,LOW,0.66,False,False,"{""LOW"": 0.9812, ""MEDIUM"": 0.0188, ""HIGH"": 0.0, ""CRITICAL"": 0.0}",0.0,0.0
Shankar Nagar Square,2025-04-01,LOW,LOW,0.22,False,False,"{""LOW"": 0.9937, ""MEDIUM"": 0.0063, ""HIGH"": 0.0, ""CRITICAL"": 0.0}",1.0,0.333
Shankar Nagar Square,2025-05-01,LOW,LOW,0.22,False,False,"{""LOW"": 0.9937, ""MEDIUM"": 0.0063, ""HIGH"": 0.0, ""CRITICAL"": 0.0}",0.0,0.333
Shankar Nagar Square,2025-06-01,LOW,LOW,0.0,False,False,"{""LOW"": 1.0, ""MEDIUM"": 0.0, ""HIGH"": 0.0, ""CRITICAL"": 0.0}",0.0,0.333
Shankar Nagar Square,2025-07-01,LOW,LOW,0.0,False,False,"{""LOW"": 1.0, ""MEDIUM"": 0.0, ""HIGH"": 0.0, ""CRITICAL"": 0.0}",0.0,0.0
Shankar Nagar Square,2025-08-01,LOW,LOW,0.0,False,False,"{""LOW"": 1.0, ""MEDIUM"": 0.0, ""HIGH"": 0.0, ""CRITICAL"": 0.0}",1.0,0.333
Shankar Nagar Square,2025-09-01,LOW,LOW,0.0,False,False,"{""LOW"": 1.0, ""MEDIUM"": 0.0, ""HIGH"": 0.0, ""CRITICAL"": 0.0}",0.0,0.333
Shankar Nagar Square,2025-10-01,LOW,LOW,0.0,False,False,"{""LOW"": 1.0, ""MEDIUM"": 0.0, ""HIGH"": 0.0, ""CRITICAL"": 0.0}",1.0,0.667
Shankar Nagar Square,2025-11-01,LOW,LOW,0.0,False,False,"{""LOW"": 1.0, ""MEDIUM"": 0.0, ""HIGH"": 0.0, ""CRITICAL"": 0.0}",1.0,0.667
Shankar Nagar Square,2025-12-01,LOW,LOW,0.0,False,False,"{""LOW"": 1.0, ""MEDIUM"": 0.0, ""HIGH"": 0.0, ""CRITICAL"": 0.0}",1.0,1.0
Sitabuldi Interchange,2025-01-01,LOW,LOW,0.18,False,False,"{""LOW"": 0.995, ""MEDIUM"": 0.005, ""HIGH"": 0.0, ""CRITICAL"": 0.0}",0.0,0.0
Sitabuldi Interchange,2025-02-01,LOW,LOW,0.0,False,False,"{""LOW"": 1.0, ""MEDIUM"": 0.0, ""HIGH"": 0.0, ""CRITICAL"": 0.0}",0.0,0.0
Sitabuldi Interchange,2025-03-01,LOW,LOW,0.0,False,False,"{""LOW"": 1.0, ""MEDIUM"": 0.0, ""HIGH"": 0.0, ""CRITICAL"": 0.0}",0.0,0.0
Sitabuldi Interchange,2025-04-01,LOW,LOW,0.0,False,False,"{""LOW"": 1.0, ""MEDIUM"": 0.0, ""HIGH"": 0.0, ""CRITICAL"": 0.0}",0.0,0.0
Sitabuldi Interchange,2025-05-01,LOW,LOW,0.0,False,False,"{""LOW"": 1.0, ""MEDIUM"": 0.0, ""HIGH"": 0.0, ""CRITICAL"": 0.0}",0.0,0.0
Sitabuldi Interchange,2025-06-01,LOW,LOW,0.0,False,False,"{""LOW"": 1.0, ""MEDIUM"": 0.0, ""HIGH"": 0.0, ""CRITICAL"": 0.0}",0.0,0.0
Sitabuldi Interchange,2025-07-01,LOW,LOW,0.0,False,False,"{""LOW"": 1.0, ""MEDIUM"": 0.0, ""HIGH"": 0.0, ""CRITICAL"": 0.0}",0.0,0.0
Sitabuldi Interchange,2025-08-01,LOW,LOW,0.0,False,False,"{""LOW"": 1.0, ""MEDIUM"": 0.0, ""HIGH"": 0.0, ""CRITICAL"": 0.0}",0.0,0.0
Sitabuldi Interchange,2025-09-01,LOW,LOW,0.0,False,False,"{""LOW"": 1.0, ""MEDIUM"": 0.0, ""HIGH"": 0.0, ""CRITICAL"": 0.0}",0.0,0.0
Sitabuldi Interchange,2025-10-01,LOW,LOW,0.0,False,False,"{""LOW"": 1.0, ""MEDIUM"": 0.0, ""HIGH"": 0.0, ""CRITICAL"": 0.0}",0.0,0.0
Sitabuldi Interchange,2025-11-01,LOW,LOW,0.0,False,False,"{""LOW"": 1.0, ""MEDIUM"": 0.0, ""HIGH"": 0.0, ""CRITICAL"": 0.0}",0.0,0.0
Sitabuldi Interchange,2025-12-01,LOW,LOW,0.0,False,False,"{""LOW"": 1.0, ""MEDIUM"": 0.0, ""HIGH"": 0.0, ""CRITICAL"": 0.0}",0.0,0.0
Somalwada Square,2025-01-01,LOW,LOW,0.18,False,False,"{""LOW"": 0.995, ""MEDIUM"": 0.005, ""HIGH"": 0.0, ""CRITICAL"": 0.0}",0.0,0.0
Somalwada Square,2025-02-01,LOW,LOW,0.0,False,False,"{""LOW"": 1.0, ""MEDIUM"": 0.0, ""HIGH"": 0.0, ""CRITICAL"": 0.0}",0.0,0.0
Somalwada Square,2025-03-01,LOW,LOW,0.0,False,False,"{""LOW"": 1.0, ""MEDIUM"": 0.0, ""HIGH"": 0.0, ""CRITICAL"": 0.0}",0.0,0.0
Somalwada Square,2025-04-01,LOW,LOW,0.0,False,False,"{""LOW"": 1.0, ""MEDIUM"": 0.0, ""HIGH"": 0.0, ""CRITICAL"": 0.0}",0.0,0.0
Somalwada Square,2025-05-01,LOW,LOW,0.0,False,False,"{""LOW"": 1.0, ""MEDIUM"": 0.0, ""HIGH"": 0.0, ""CRITICAL"": 0.0}",0.0,0.0
Somalwada Square,2025-06-01,LOW,LOW,0.0,False,False,"{""LOW"": 1.0, ""MEDIUM"": 0.0, ""HIGH"": 0.0, ""CRITICAL"": 0.0}",0.0,0.0
Somalwada Square,2025-07-01,LOW,LOW,0.0,False,False,"{""LOW"": 1.0, ""MEDIUM"": 0.0, ""HIGH"": 0.0, ""CRITICAL"": 0.0}",0.0,0.0
Somalwada Square,2025-08-01,LOW,LOW,0.0,False,False,"{""LOW"": 1.0, ""MEDIUM"": 0.0, ""HIGH"": 0.0, ""CRITICAL"": 0.0}",0.0,0.0
Somalwada Square,2025-09-01,LOW,LOW,0.0,False,False,"{""LOW"": 1.0, ""MEDIUM"": 0.0, ""HIGH"": 0.0, ""CRITICAL"": 0.0}",0.0,0.0
Somalwada Square,2025-10-01,LOW,LOW,0.0,False,False,"{""LOW"": 1.0, ""MEDIUM"": 0.0, ""HIGH"": 0.0, ""CRITICAL"": 0.0}",0.0,0.0
Somalwada Square,2025-11-01,LOW,LOW,0.0,False,False,"{""LOW"": 1.0, ""MEDIUM"": 0.0, ""HIGH"": 0.0, ""CRITICAL"": 0.0}",0.0,0.0
Somalwada Square,2025-12-01,LOW,LOW,0.0,False,False,"{""LOW"": 1.0, ""MEDIUM"": 0.0, ""HIGH"": 0.0, ""CRITICAL"": 0.0}",0.0,0.0
Subhash Nagar Square,2025-01-01,LOW,LOW,0.18,False,False,"{""LOW"": 0.995, ""MEDIUM"": 0.005, ""HIGH"": 0.0, ""CRITICAL"": 0.0}",0.0,0.0
Subhash Nagar Square,2025-02-01,LOW,LOW,0.0,False,False,"{""LOW"": 1.0, ""MEDIUM"": 0.0, ""HIGH"": 0.0, ""CRITICAL"": 0.0}",0.0,0.0
Subhash Nagar Square,2025-03-01,LOW,LOW,0.0,False,False,"{""LOW"": 1.0, ""MEDIUM"": 0.0, ""HIGH"": 0.0, ""CRITICAL"": 0.0}",0.0,0.0
Subhash Nagar Square,2025-04-01,LOW,LOW,0.0,False,False,"{""LOW"": 1.0, ""MEDIUM"": 0.0, ""HIGH"": 0.0, ""CRITICAL"": 0.0}",0.0,0.0
Subhash Nagar Square,2025-05-01,LOW,LOW,0.0,False,False,"{""LOW"": 1.0, ""MEDIUM"": 0.0, ""HIGH"": 0.0, ""CRITICAL"": 0.0}",0.0,0.0
Subhash Nagar Square,2025-06-01,LOW,LOW,0.0,False,False,"{""LOW"": 1.0, ""MEDIUM"": 0.0, ""HIGH"": 0.0, ""CRITICAL"": 0.0}",0.0,0.0
Subhash Nagar Square,2025-07-01,LOW,LOW,0.0,False,False,"{""LOW"": 1.0, ""MEDIUM"": 0.0, ""HIGH"": 0.0, ""CRITICAL"": 0.0}",0.0,0.0
Subhash Nagar Square,2025-08-01,LOW,LOW,0.0,False,False,"{""LOW"": 1.0, ""MEDIUM"": 0.0, ""HIGH"": 0.0, ""CRITICAL"": 0.0}",0.0,0.0
Subhash Nagar Square,2025-09-01,LOW,LOW,0.0,False,False,"{""LOW"": 1.0, ""MEDIUM"": 0.0, ""HIGH"": 0.0, ""CRITICAL"": 0.0}",0.0,0.0
Subhash Nagar Square,2025-10-01,LOW,LOW,0.0,False,False,"{""LOW"": 1.0, ""MEDIUM"": 0.0, ""HIGH"": 0.0, ""CRITICAL"": 0.0}",0.0,0.0
Subhash Nagar Square,2025-11-01,LOW,LOW,0.0,False,False,"{""LOW"": 1.0, ""MEDIUM"": 0.0, ""HIGH"": 0.0, ""CRITICAL"": 0.0}",0.0,0.0
Subhash Nagar Square,2025-12-01,LOW,LOW,0.0,False,False,"{""LOW"": 1.0, ""MEDIUM"": 0.0, ""HIGH"": 0.0, ""CRITICAL"": 0.0}",0.0,0.0
VCA Stadium Chowk,2025-01-01,LOW,LOW,0.18,False,False,"{""LOW"": 0.995, ""MEDIUM"": 0.005, ""HIGH"": 0.0, ""CRITICAL"": 0.0}",0.0,0.0
VCA Stadium Chowk,2025-02-01,LOW,LOW,0.0,False,False,"{""LOW"": 1.0, ""MEDIUM"": 0.0, ""HIGH"": 0.0, ""CRITICAL"": 0.0}",0.0,0.0
VCA Stadium Chowk,2025-03-01,LOW,LOW,0.0,False,False,"{""LOW"": 1.0, ""MEDIUM"": 0.0, ""HIGH"": 0.0, ""CRITICAL"": 0.0}",0.0,0.0
VCA Stadium Chowk,2025-04-01,LOW,LOW,0.0,False,False,"{""LOW"": 1.0, ""MEDIUM"": 0.0, ""HIGH"": 0.0, ""CRITICAL"": 0.0}",0.0,0.0
VCA Stadium Chowk,2025-05-01,LOW,LOW,0.0,False,False,"{""LOW"": 1.0, ""MEDIUM"": 0.0, ""HIGH"": 0.0, ""CRITICAL"": 0.0}",0.0,0.0
VCA Stadium Chowk,2025-06-01,LOW,LOW,0.0,False,False,"{""LOW"": 1.0, ""MEDIUM"": 0.0, ""HIGH"": 0.0, ""CRITICAL"": 0.0}",0.0,0.0
VCA Stadium Chowk,2025-07-01,LOW,LOW,0.0,False,False,"{""LOW"": 1.0, ""MEDIUM"": 0.0, ""HIGH"": 0.0, ""CRITICAL"": 0.0}",0.0,0.0
VCA Stadium Chowk,2025-08-01,LOW,LOW,0.0,False,False,"{""LOW"": 1.0, ""MEDIUM"": 0.0, ""HIGH"": 0.0, ""CRITICAL"": 0.0}",0.0,0.0
VCA Stadium Chowk,2025-09-01,LOW,LOW,0.0,False,False,"{""LOW"": 1.0, ""MEDIUM"": 0.0, ""HIGH"": 0.0, ""CRITICAL"": 0.0}",0.0,0.0
VCA Stadium Chowk,2025-10-01,LOW,LOW,0.0,False,False,"{""LOW"": 1.0, ""MEDIUM"": 0.0, ""HIGH"": 0.0, ""CRITICAL"": 0.0}",0.0,0.0
VCA Stadium Chowk,2025-11-01,LOW,LOW,0.0,False,False,"{""LOW"": 1.0, ""MEDIUM"": 0.0, ""HIGH"": 0.0, ""CRITICAL"": 0.0}",0.0,0.0
VCA Stadium Chowk,2025-12-01,LOW,LOW,0.0,False,False,"{""LOW"": 1.0, ""MEDIUM"": 0.0, ""HIGH"": 0.0, ""CRITICAL"": 0.0}",0.0,0.0
Variety Square,2025-01-01,LOW,LOW,1.51,False,False,"{""LOW"": 0.9568, ""MEDIUM"": 0.0432, ""HIGH"": 0.0, ""CRITICAL"": 0.0}",0.0,0.0
Variety Square,2025-02-01,LOW,LOW,0.43,False,False,"{""LOW"": 0.9877, ""MEDIUM"": 0.0123, ""HIGH"": 0.0, ""CRITICAL"": 0.0}",0.0,0.0
Variety Square,2025-03-01,LOW,LOW,1.87,False,False,"{""LOW"": 0.9733, ""MEDIUM"": 0.0, ""HIGH"": 0.0267, ""CRITICAL"": 0.0}",2.0,1.0
Variety Square,2025-04-01,LOW,LOW,0.0,False,False,"{""LOW"": 1.0, ""MEDIUM"": 0.0, ""HIGH"": 0.0, ""CRITICAL"": 0.0}",0.0,0.667
Variety Square,2025-05-01,LOW,LOW,1.25,False,False,"{""LOW"": 0.9691, ""MEDIUM"": 0.0264, ""HIGH"": 0.0046, ""CRITICAL"": 0.0}",0.0,0.667
Variety Square,2025-06-01,LOW,LOW,1.71,False,False,"{""LOW"": 0.9512, ""MEDIUM"": 0.0488, ""HIGH"": 0.0, ""CRITICAL"": 0.0}",0.0,0.0
Variety Square,2025-07-01,LOW,LOW,2.98,False,False,"{""LOW"": 0.927, ""MEDIUM"": 0.0608, ""HIGH"": 0.0122, ""CRITICAL"": 0.0}",4.0,1.333
Variety Square,2025-08-01,LOW,LOW,3.84,False,False,"{""LOW"": 0.9122, ""MEDIUM"": 0.0658, ""HIGH"": 0.022, ""CRITICAL"": 0.0}",4.0,2.667
Variety Square,2025-09-01,LOW,LOW,1.74,False,False,"{""LOW"": 0.9685, ""MEDIUM"": 0.0136, ""HIGH"": 0.018, ""CRITICAL"": 0.0}",0.0,2.667
Variety Square,2025-10-01,LOW,LOW,0.42,False,False,"{""LOW"": 0.988, ""MEDIUM"": 0.012, ""HIGH"": 0.0, ""CRITICAL"": 0.0}",1.0,1.667
Variety Square,2025-11-01,LOW,LOW,0.22,False,False,"{""LOW"": 0.9937, ""MEDIUM"": 0.0063, ""HIGH"": 0.0, ""CRITICAL"": 0.0}",1.0,0.667
Variety Square,2025-12-01,LOW,LOW,0.22,False,False,"{""LOW"": 0.9937, ""MEDIUM"": 0.0063, ""HIGH"": 0.0, ""CRITICAL"": 0.0}",0.0,0.667
Wardha Road Toll Plaza,2025-01-01,LOW,LOW,0.18,False,False,"{""LOW"": 0.995, ""MEDIUM"": 0.005, ""HIGH"": 0.0, ""CRITICAL"": 0.0}",0.0,0.0
Wardha Road Toll Plaza,2025-02-01,LOW,LOW,0.0,False,False,"{""LOW"": 1.0, ""MEDIUM"": 0.0, ""HIGH"": 0.0, ""CRITICAL"": 0.0}",0.0,0.0
Wardha Road Toll Plaza,2025-03-01,LOW,LOW,0.0,False,False,"{""LOW"": 1.0, ""MEDIUM"": 0.0, ""HIGH"": 0.0, ""CRITICAL"": 0.0}",0.0,0.0
Wardha Road Toll Plaza,2025-04-01,LOW,LOW,0.0,False,False,"{""LOW"": 1.0, ""MEDIUM"": 0.0, ""HIGH"": 0.0, ""CRITICAL"": 0.0}",0.0,0.0
Wardha Road Toll Plaza,2025-05-01,LOW,LOW,0.0,False,False,"{""LOW"": 1.0, ""MEDIUM"": 0.0, ""HIGH"": 0.0, ""CRITICAL"": 0.0}",0.0,0.0
Wardha Road Toll Plaza,2025-06-01,LOW,LOW,0.0,False,False,"{""LOW"": 1.0, ""MEDIUM"": 0.0, ""HIGH"": 0.0, ""CRITICAL"": 0.0}",0.0,0.0
Wardha Road Toll Plaza,2025-07-01,LOW,LOW,0.0,False,False,"{""LOW"": 1.0, ""MEDIUM"": 0.0, ""HIGH"": 0.0, ""CRITICAL"": 0.0}",0.0,0.0
Wardha Road Toll Plaza,2025-08-01,LOW,LOW,0.0,False,False,"{""LOW"": 1.0, ""MEDIUM"": 0.0, ""HIGH"": 0.0, ""CRITICAL"": 0.0}",0.0,0.0
Wardha Road Toll Plaza,2025-09-01,LOW,LOW,0.0,False,False,"{""LOW"": 1.0, ""MEDIUM"": 0.0, ""HIGH"": 0.0, ""CRITICAL"": 0.0}",0.0,0.0
Wardha Road Toll Plaza,2025-10-01,LOW,LOW,0.0,False,False,"{""LOW"": 1.0, ""MEDIUM"": 0.0, ""HIGH"": 0.0, ""CRITICAL"": 0.0}",0.0,0.0
Wardha Road Toll Plaza,2025-11-01,LOW,LOW,0.0,False,False,"{""LOW"": 1.0, ""MEDIUM"": 0.0, ""HIGH"": 0.0, ""CRITICAL"": 0.0}",0.0,0.0
Wardha Road Toll Plaza,2025-12-01,LOW,LOW,0.0,False,False,"{""LOW"": 1.0, ""MEDIUM"": 0.0, ""HIGH"": 0.0, ""CRITICAL"": 0.0}",0.0,0.0
Zero Mile Freedom Park,2025-01-01,LOW,LOW,0.18,False,False,"{""LOW"": 0.995, ""MEDIUM"": 0.005, ""HIGH"": 0.0, ""CRITICAL"": 0.0}",0.0,0.0
Zero Mile Freedom Park,2025-02-01,LOW,LOW,0.0,False,False,"{""LOW"": 1.0, ""MEDIUM"": 0.0, ""HIGH"": 0.0, ""CRITICAL"": 0.0}",0.0,0.0
Zero Mile Freedom Park,2025-03-01,LOW,LOW,0.0,False,False,"{""LOW"": 1.0, ""MEDIUM"": 0.0, ""HIGH"": 0.0, ""CRITICAL"": 0.0}",0.0,0.0
Zero Mile Freedom Park,2025-04-01,LOW,LOW,0.0,False,False,"{""LOW"": 1.0, ""MEDIUM"": 0.0, ""HIGH"": 0.0, ""CRITICAL"": 0.0}",0.0,0.0
Zero Mile Freedom Park,2025-05-01,LOW,LOW,0.0,False,False,"{""LOW"": 1.0, ""MEDIUM"": 0.0, ""HIGH"": 0.0, ""CRITICAL"": 0.0}",0.0,0.0
Zero Mile Freedom Park,2025-06-01,LOW,LOW,0.0,False,False,"{""LOW"": 1.0, ""MEDIUM"": 0.0, ""HIGH"": 0.0, ""CRITICAL"": 0.0}",0.0,0.0
Zero Mile Freedom Park,2025-07-01,LOW,LOW,0.0,False,False,"{""LOW"": 1.0, ""MEDIUM"": 0.0, ""HIGH"": 0.0, ""CRITICAL"": 0.0}",0.0,0.0
Zero Mile Freedom Park,2025-08-01,LOW,LOW,0.0,False,False,"{""LOW"": 1.0, ""MEDIUM"": 0.0, ""HIGH"": 0.0, ""CRITICAL"": 0.0}",0.0,0.0
Zero Mile Freedom Park,2025-09-01,LOW,LOW,0.0,False,False,"{""LOW"": 1.0, ""MEDIUM"": 0.0, ""HIGH"": 0.0, ""CRITICAL"": 0.0}",0.0,0.0
Zero Mile Freedom Park,2025-10-01,LOW,LOW,0.0,False,False,"{""LOW"": 1.0, ""MEDIUM"": 0.0, ""HIGH"": 0.0, ""CRITICAL"": 0.0}",0.0,0.0
Zero Mile Freedom Park,2025-11-01,LOW,LOW,0.0,False,False,"{""LOW"": 1.0, ""MEDIUM"": 0.0, ""HIGH"": 0.0, ""CRITICAL"": 0.0}",0.0,0.0
Zero Mile Freedom Park,2025-12-01,LOW,LOW,0.0,False,False,"{""LOW"": 1.0, ""MEDIUM"": 0.0, ""HIGH"": 0.0, ""CRITICAL"": 0.0}",0.0,0.0
